ProjectID,ProjectType,Region,WeekNo,PctComplete,OriginalBudget,ActualCostToDate,CPI,SPI,PctFloatConsumed,ChangeOrderRatePct,WeatherDelayDays,ProcurementLeadVarianceDays,ClashCount,LabourHoursPlanned,LabourHoursActual,OverrunPct,OverrunFlag,DelayFlag
PRJ-001,Infrastructure,West,1,2.9,6923388,191793.0,1.062,0.983,2.7,18.3,3,2.8,6,1882,1865.0,-5.81,0,0
PRJ-001,Infrastructure,West,2,5.9,6923388,365768.0,1.113,1.039,2.4,18.3,3,2.8,6,2390,2296.0,-10.19,0,0
PRJ-001,Infrastructure,West,3,8.8,6923388,542784.0,1.125,1.044,8.3,18.3,3,2.8,6,1640,1522.0,-11.15,0,0
PRJ-001,Infrastructure,West,4,11.8,6923388,737854.0,1.104,1.011,14.9,18.3,3,2.8,6,2278,2382.0,-9.41,0,0
PRJ-001,Infrastructure,West,5,14.7,6923388,907688.0,1.122,1.016,11.6,18.3,3,2.8,6,2385,2197.0,-10.85,0,0
PRJ-001,Infrastructure,West,6,17.6,6923388,1070695.0,1.141,1.109,14.6,18.3,3,2.8,6,2300,2159.0,-12.37,0,0
PRJ-001,Infrastructure,West,7,20.6,6923388,1282608.0,1.111,1.02,19.0,18.3,3,2.8,6,1519,1509.0,-10.02,0,0
PRJ-001,Infrastructure,West,8,23.5,6923388,1412507.0,1.153,1.036,21.9,18.3,3,2.8,6,987,897.0,-13.29,0,0
PRJ-001,Infrastructure,West,9,26.5,6923388,1657140.0,1.106,1.038,26.4,18.3,3,2.8,6,2498,2466.0,-9.58,0,0
PRJ-001,Infrastructure,West,10,29.4,6923388,1788035.0,1.139,1.025,29.4,18.3,3,2.8,6,1851,1837.0,-12.19,0,0
PRJ-001,Infrastructure,West,11,32.4,6923388,1987778.0,1.127,1.003,31.9,18.3,3,2.8,6,1206,1276.0,-11.26,0,0
PRJ-001,Infrastructure,West,12,35.3,6923388,2157789.0,1.132,0.968,38.2,18.3,3,2.8,6,2370,2326.0,-11.69,0,0
PRJ-001,Infrastructure,West,13,38.2,6923388,2426378.0,1.091,1.043,37.7,18.3,3,2.8,6,2041,1878.0,-8.34,0,0
PRJ-001,Infrastructure,West,14,41.2,6923388,2674795.0,1.066,1.007,38.9,18.3,3,2.8,6,2398,2374.0,-6.17,0,0
PRJ-001,Infrastructure,West,15,44.1,6923388,2732535.0,1.118,1.064,42.1,18.3,3,2.8,6,1284,1173.0,-10.54,0,0
PRJ-001,Infrastructure,West,16,47.1,6923388,3126851.0,1.042,0.984,49.3,18.3,3,2.8,6,1983,2175.0,-4.03,0,0
PRJ-001,Infrastructure,West,17,50.0,6923388,3120403.0,1.109,1.015,51.0,18.3,3,2.8,6,2397,2471.0,-9.86,0,0
PRJ-001,Infrastructure,West,18,52.9,6923388,3355381.0,1.092,0.989,54.5,18.3,3,2.8,6,2154,2095.0,-8.46,0,0
PRJ-001,Infrastructure,West,19,55.9,6923388,3617321.0,1.07,1.024,54.1,18.3,3,2.8,6,2208,2112.0,-6.5,0,0
PRJ-001,Infrastructure,West,20,58.8,6923388,3937532.0,1.034,1.01,58.9,18.3,3,2.8,6,2182,2175.0,-3.32,0,0
PRJ-001,Infrastructure,West,21,61.8,6923388,4117413.0,1.039,1.058,58.6,18.3,3,2.8,6,2057,1992.0,-3.71,0,0
PRJ-001,Infrastructure,West,22,64.7,6923388,4191013.0,1.069,1.004,60.5,18.3,3,2.8,6,2056,1980.0,-6.45,0,0
PRJ-001,Infrastructure,West,23,67.6,6923388,4387939.0,1.067,0.97,67.5,18.3,3,2.8,6,2209,2193.0,-6.31,0,0
PRJ-001,Infrastructure,West,24,70.6,6923388,4511247.0,1.083,0.992,71.7,18.3,3,2.8,6,1654,1707.0,-7.69,0,0
PRJ-001,Infrastructure,West,25,73.5,6923388,4804077.0,1.06,0.975,73.9,18.3,3,2.8,6,1529,1656.0,-5.63,0,0
PRJ-001,Infrastructure,West,26,76.5,6923388,4866834.0,1.088,1.014,73.9,18.3,3,2.8,6,1079,1083.0,-8.08,0,0
PRJ-001,Infrastructure,West,27,79.4,6923388,5174688.0,1.062,1.025,77.4,18.3,3,2.8,6,943,897.0,-5.88,0,0
PRJ-001,Infrastructure,West,28,82.4,6923388,5237205.0,1.089,1.038,82.2,18.3,3,2.8,6,1202,1211.0,-8.15,0,0
PRJ-001,Infrastructure,West,29,85.3,6923388,5483091.0,1.077,0.964,86.6,18.3,3,2.8,6,1288,1278.0,-7.15,0,0
PRJ-001,Infrastructure,West,30,88.2,6923388,5537551.0,1.103,0.96,89.6,18.3,3,2.8,6,950,1079.0,-9.35,0,0
PRJ-001,Infrastructure,West,31,91.2,6923388,5919380.0,1.066,0.963,92.0,18.3,3,2.8,6,1423,1575.0,-6.23,0,0
PRJ-001,Infrastructure,West,32,94.1,6923388,5773931.0,1.129,0.97,95.2,18.3,3,2.8,6,2475,2675.0,-11.39,0,0
PRJ-001,Infrastructure,West,33,97.1,6923388,6370720.0,1.055,0.96,97.4,18.3,3,2.8,6,2482,2650.0,-5.19,0,0
PRJ-001,Infrastructure,West,34,100.0,6923388,6550210.0,1.057,0.984,100.0,18.3,3,2.8,6,1427,1467.0,-5.39,0,0
PRJ-002,Infrastructure,West,1,1.9,3421944,56753.0,1.117,0.72,17.0,24.34,5,8.5,5,1029,1353.0,-10.44,0,1
PRJ-002,Infrastructure,West,2,3.7,3421944,118124.0,1.073,0.706,20.8,24.34,5,8.5,5,1597,2305.0,-6.8,0,1
PRJ-002,Infrastructure,West,3,5.6,3421944,175102.0,1.086,0.747,17.5,24.34,5,8.5,5,1615,2204.0,-7.89,0,1
PRJ-002,Infrastructure,West,4,7.4,3421944,250760.0,1.011,0.724,20.8,24.34,5,8.5,5,1860,2635.0,-1.07,0,1
PRJ-002,Infrastructure,West,5,9.3,3421944,305414.0,1.037,0.73,21.9,24.34,5,8.5,5,1780,2508.0,-3.61,0,1
PRJ-002,Infrastructure,West,6,11.1,3421944,372369.0,1.021,0.682,22.4,24.34,5,8.5,5,1365,1985.0,-2.06,0,1
PRJ-002,Infrastructure,West,7,13.0,3421944,419881.0,1.056,0.757,25.6,24.34,5,8.5,5,1653,2117.0,-5.34,0,1
PRJ-002,Infrastructure,West,8,14.8,3421944,508695.0,0.997,0.68,28.8,24.34,5,8.5,5,1927,2721.0,0.34,0,1
PRJ-002,Infrastructure,West,9,16.7,3421944,534793.0,1.066,0.732,27.3,24.34,5,8.5,5,1558,2055.0,-6.23,0,1
PRJ-002,Infrastructure,West,10,18.5,3421944,642952.0,0.986,0.683,32.9,24.34,5,8.5,5,1702,2508.0,1.46,0,1
PRJ-002,Infrastructure,West,11,20.4,3421944,649360.0,1.073,0.697,38.2,24.34,5,8.5,5,1199,1780.0,-6.84,0,1
PRJ-002,Infrastructure,West,12,22.2,3421944,737862.0,1.031,0.683,41.9,24.34,5,8.5,5,850,1217.0,-2.97,0,1
PRJ-002,Infrastructure,West,13,24.1,3421944,751524.0,1.096,0.637,43.6,24.34,5,8.5,5,2165,3225.0,-8.77,0,1
PRJ-002,Infrastructure,West,14,25.9,3421944,856703.0,1.036,0.635,46.1,24.34,5,8.5,5,2395,3712.0,-3.43,0,1
PRJ-002,Infrastructure,West,15,27.8,3421944,914319.0,1.04,0.651,50.0,24.34,5,8.5,5,1622,2641.0,-3.81,0,1
PRJ-002,Infrastructure,West,16,29.6,3421944,995875.0,1.018,0.673,49.2,24.34,5,8.5,5,2169,3177.0,-1.78,0,1
PRJ-002,Infrastructure,West,17,31.5,3421944,1041179.0,1.035,0.712,43.5,24.34,5,8.5,5,1312,1822.0,-3.35,0,1
PRJ-002,Infrastructure,West,18,33.3,3421944,1174408.0,0.971,0.673,50.0,24.34,5,8.5,5,2012,3046.0,2.96,0,1
PRJ-002,Infrastructure,West,19,35.2,3421944,1172096.0,1.027,0.731,46.0,24.34,5,8.5,5,1899,2772.0,-2.65,0,1
PRJ-002,Infrastructure,West,20,37.0,3421944,1295095.0,0.979,0.687,52.0,24.34,5,8.5,5,2043,2891.0,2.19,0,1
PRJ-002,Infrastructure,West,21,38.9,3421944,1297509.0,1.026,0.701,52.0,24.34,5,8.5,5,1231,1751.0,-2.5,0,1
PRJ-002,Infrastructure,West,22,40.7,3421944,1402500.0,0.994,0.709,59.5,24.34,5,8.5,5,1321,1830.0,0.6,0,1
PRJ-002,Infrastructure,West,23,42.6,3421944,1444841.0,1.009,0.697,61.6,24.34,5,8.5,5,1839,2676.0,-0.87,0,1
PRJ-002,Infrastructure,West,24,44.4,3421944,1501536.0,1.013,0.655,61.9,24.34,5,8.5,5,2298,3466.0,-1.27,0,1
PRJ-002,Infrastructure,West,25,46.3,3421944,1548112.0,1.023,0.702,59.1,24.34,5,8.5,5,1756,2520.0,-2.28,0,1
PRJ-002,Infrastructure,West,26,48.1,3421944,1609145.0,1.024,0.671,65.5,24.34,5,8.5,5,1866,2771.0,-2.33,0,1
PRJ-002,Infrastructure,West,27,50.0,3421944,1694165.0,1.01,0.648,67.2,24.34,5,8.5,5,1769,2685.0,-0.98,0,1
PRJ-002,Infrastructure,West,28,51.9,3421944,1808668.0,0.981,0.655,71.0,24.34,5,8.5,5,1212,1940.0,1.93,0,1
PRJ-002,Infrastructure,West,29,53.7,3421944,1846607.0,0.995,0.648,71.4,24.34,5,8.5,5,1256,1969.0,0.48,0,1
PRJ-002,Infrastructure,West,30,55.6,3421944,1806776.0,1.052,0.712,68.7,24.34,5,8.5,5,1808,2574.0,-4.96,0,1
PRJ-002,Infrastructure,West,31,57.4,3421944,2016469.0,0.974,0.694,75.8,24.34,5,8.5,5,1016,1441.0,2.65,0,1
PRJ-002,Infrastructure,West,32,59.3,3421944,2082655.0,0.974,0.618,77.7,24.34,5,8.5,5,1528,2723.0,2.7,0,1
PRJ-002,Infrastructure,West,33,61.1,3421944,2068167.0,1.011,0.647,79.4,24.34,5,8.5,5,2207,3399.0,-1.1,0,1
PRJ-002,Infrastructure,West,34,63.0,3421944,2271302.0,0.949,0.553,87.6,24.34,5,8.5,5,2292,4066.0,5.42,1,1
PRJ-002,Infrastructure,West,35,64.8,3421944,2195561.0,1.01,0.672,79.8,24.34,5,8.5,5,2046,3043.0,-1.01,0,1
PRJ-002,Infrastructure,West,36,66.7,3421944,2194243.0,1.04,0.662,83.7,24.34,5,8.5,5,2053,3107.0,-3.82,0,1
PRJ-002,Infrastructure,West,37,68.5,3421944,2366415.0,0.991,0.633,85.9,24.34,5,8.5,5,1988,3162.0,0.93,0,1
PRJ-002,Infrastructure,West,38,70.4,3421944,2420081.0,0.995,0.603,90.8,24.34,5,8.5,5,2124,3504.0,0.5,0,1
PRJ-002,Infrastructure,West,39,72.2,3421944,2574574.0,0.96,0.686,83.9,24.34,5,8.5,5,2354,3618.0,4.17,0,1
PRJ-002,Infrastructure,West,40,74.1,3421944,2593170.0,0.977,0.613,93.4,24.34,5,8.5,5,1881,3042.0,2.3,0,1
PRJ-002,Infrastructure,West,41,75.9,3421944,2593458.0,1.002,0.664,93.8,24.34,5,8.5,5,1186,1829.0,-0.18,0,1
PRJ-002,Infrastructure,West,42,77.8,3421944,2690501.0,0.989,0.642,92.8,24.34,5,8.5,5,1623,2460.0,1.09,0,1
PRJ-002,Infrastructure,West,43,79.6,3421944,3042142.0,0.896,0.672,92.3,24.34,5,8.5,5,879,1335.0,11.64,1,1
PRJ-002,Infrastructure,West,44,81.5,3421944,2852251.0,0.978,0.636,99.9,24.34,5,8.5,5,2355,3612.0,2.3,0,1
PRJ-002,Infrastructure,West,45,83.3,3421944,3008098.0,0.948,0.605,100.0,24.34,5,8.5,5,1770,2865.0,5.49,1,1
PRJ-002,Infrastructure,West,46,85.2,3421944,3024147.0,0.964,0.661,99.2,24.34,5,8.5,5,2171,3369.0,3.74,0,1
PRJ-002,Infrastructure,West,47,87.0,3421944,3205446.0,0.929,0.678,100.0,24.34,5,8.5,5,1668,2388.0,7.62,1,1
PRJ-002,Infrastructure,West,48,88.9,3421944,3123312.0,0.974,0.684,100.0,24.34,5,8.5,5,1531,2193.0,2.68,0,1
PRJ-002,Infrastructure,West,49,90.7,3421944,3294763.0,0.942,0.614,100.0,24.34,5,8.5,5,1249,1926.0,6.11,1,1
PRJ-002,Infrastructure,West,50,92.6,3421944,3432538.0,0.923,0.63,100.0,24.34,5,8.5,5,945,1479.0,8.33,1,1
PRJ-002,Infrastructure,West,51,94.4,3421944,3563910.0,0.907,0.663,100.0,24.34,5,8.5,5,1922,3017.0,10.28,1,1
PRJ-002,Infrastructure,West,52,96.3,3421944,3421903.0,0.963,0.606,100.0,24.34,5,8.5,5,1570,2608.0,3.84,0,1
PRJ-002,Infrastructure,West,53,98.1,3421944,3358246.0,1.0,0.628,100.0,24.34,5,8.5,5,800,1209.0,-0.01,0,1
PRJ-002,Infrastructure,West,54,100.0,3421944,3577880.0,0.956,0.632,100.0,24.34,5,8.5,5,833,1270.0,4.56,0,1
PRJ-003,Industrial,East,1,1.7,1686887,25346.0,1.148,0.764,13.2,16.79,8,14.9,3,2131,2572.0,-12.85,0,1
PRJ-003,Industrial,East,2,3.4,1686887,50065.0,1.162,0.727,18.2,16.79,8,14.9,3,1929,2489.0,-13.93,0,1
PRJ-003,Industrial,East,3,5.2,1686887,79306.0,1.1,0.744,17.9,16.79,8,14.9,3,852,1097.0,-9.11,0,1
PRJ-003,Industrial,East,4,6.9,1686887,107457.0,1.083,0.675,25.0,16.79,8,14.9,3,910,1299.0,-7.63,0,1
PRJ-003,Industrial,East,5,8.6,1686887,130519.0,1.114,0.749,20.6,16.79,8,14.9,3,2018,2741.0,-10.25,0,1
PRJ-003,Industrial,East,6,10.3,1686887,158808.0,1.099,0.683,27.2,16.79,8,14.9,3,1828,2560.0,-9.0,0,1
PRJ-003,Industrial,East,7,12.1,1686887,192395.0,1.058,0.723,25.0,16.79,8,14.9,3,1444,1895.0,-5.5,0,1
PRJ-003,Industrial,East,8,13.8,1686887,213398.0,1.09,0.72,23.2,16.79,8,14.9,3,1896,2629.0,-8.28,0,1
PRJ-003,Industrial,East,9,15.5,1686887,245112.0,1.068,0.719,33.5,16.79,8,14.9,3,906,1298.0,-6.36,0,1
PRJ-003,Industrial,East,10,17.2,1686887,270514.0,1.075,0.691,33.9,16.79,8,14.9,3,1518,2258.0,-6.99,0,1
PRJ-003,Industrial,East,11,19.0,1686887,292258.0,1.095,0.733,30.8,16.79,8,14.9,3,877,1268.0,-8.65,0,1
PRJ-003,Industrial,East,12,20.7,1686887,321974.0,1.084,0.725,35.1,16.79,8,14.9,3,1549,2110.0,-7.75,0,1
PRJ-003,Industrial,East,13,22.4,1686887,338388.0,1.117,0.678,38.0,16.79,8,14.9,3,2454,3595.0,-10.5,0,1
PRJ-003,Industrial,East,14,24.1,1686887,374351.0,1.088,0.67,39.3,16.79,8,14.9,3,2297,3250.0,-8.06,0,1
PRJ-003,Industrial,East,15,25.9,1686887,398716.0,1.094,0.688,37.2,16.79,8,14.9,3,2217,3219.0,-8.61,0,1
PRJ-003,Industrial,East,16,27.6,1686887,411372.0,1.131,0.699,40.9,16.79,8,14.9,3,833,1279.0,-11.6,0,1
PRJ-003,Industrial,East,17,29.3,1686887,438567.0,1.127,0.633,49.8,16.79,8,14.9,3,1412,2328.0,-11.3,0,1
PRJ-003,Industrial,East,18,31.0,1686887,500873.0,1.045,0.633,51.3,16.79,8,14.9,3,1676,2688.0,-4.33,0,1
PRJ-003,Industrial,East,19,32.8,1686887,512849.0,1.078,0.682,44.1,16.79,8,14.9,3,2173,3123.0,-7.19,0,1
PRJ-003,Industrial,East,20,34.5,1686887,550702.0,1.056,0.687,48.5,16.79,8,14.9,3,1863,2729.0,-5.33,0,1
PRJ-003,Industrial,East,21,36.2,1686887,551107.0,1.108,0.682,53.0,16.79,8,14.9,3,1746,2609.0,-9.77,0,1
PRJ-003,Industrial,East,22,37.9,1686887,579147.0,1.105,0.627,61.8,16.79,8,14.9,3,972,1517.0,-9.49,0,1
PRJ-003,Industrial,East,23,39.7,1686887,610442.0,1.096,0.654,53.3,16.79,8,14.9,3,1024,1577.0,-8.74,0,1
PRJ-003,Industrial,East,24,41.4,1686887,618365.0,1.129,0.704,57.7,16.79,8,14.9,3,2373,3237.0,-11.41,0,1
PRJ-003,Industrial,East,25,43.1,1686887,670500.0,1.084,0.755,52.1,16.79,8,14.9,3,2496,3213.0,-7.79,0,1
PRJ-003,Industrial,East,26,44.8,1686887,747911.0,1.011,0.729,62.4,16.79,8,14.9,3,1697,2415.0,-1.09,0,1
PRJ-003,Industrial,East,27,46.6,1686887,743090.0,1.057,0.691,59.7,16.79,8,14.9,3,1584,2287.0,-5.37,0,1
PRJ-003,Industrial,East,28,48.3,1686887,781382.0,1.042,0.702,64.1,16.79,8,14.9,3,1918,2749.0,-4.05,0,1
PRJ-003,Industrial,East,29,50.0,1686887,785006.0,1.074,0.675,69.4,16.79,8,14.9,3,2172,3254.0,-6.93,0,1
PRJ-003,Industrial,East,30,51.7,1686887,824504.0,1.058,0.643,68.7,16.79,8,14.9,3,1524,2326.0,-5.5,0,1
PRJ-003,Industrial,East,31,53.4,1686887,859478.0,1.049,0.677,70.1,16.79,8,14.9,3,1400,2049.0,-4.67,0,1
PRJ-003,Industrial,East,32,55.2,1686887,848622.0,1.097,0.645,75.5,16.79,8,14.9,3,2349,3674.0,-8.82,0,1
PRJ-003,Industrial,East,33,56.9,1686887,879483.0,1.091,0.58,80.9,16.79,8,14.9,3,1792,3016.0,-8.37,0,1
PRJ-003,Industrial,East,34,58.6,1686887,933421.0,1.059,0.671,70.6,16.79,8,14.9,3,2439,3662.0,-5.61,0,1
PRJ-003,Industrial,East,35,60.3,1686887,999068.0,1.019,0.588,79.4,16.79,8,14.9,3,2002,3249.0,-1.85,0,1
PRJ-003,Industrial,East,36,62.1,1686887,995616.0,1.052,0.656,81.7,16.79,8,14.9,3,1277,1957.0,-4.91,0,1
PRJ-003,Industrial,East,37,63.8,1686887,1005770.0,1.07,0.625,80.9,16.79,8,14.9,3,1796,2831.0,-6.54,0,1
PRJ-003,Industrial,East,38,65.5,1686887,1030035.0,1.073,0.655,80.9,16.79,8,14.9,3,1316,1985.0,-6.8,0,1
PRJ-003,Industrial,East,39,67.2,1686887,1045371.0,1.085,0.671,82.8,16.79,8,14.9,3,2084,2836.0,-7.84,0,1
PRJ-003,Industrial,East,40,69.0,1686887,1110661.0,1.047,0.67,89.5,16.79,8,14.9,3,1593,2316.0,-4.53,0,1
PRJ-003,Industrial,East,41,70.7,1686887,1168470.0,1.021,0.574,95.0,16.79,8,14.9,3,1614,2756.0,-2.01,0,1
PRJ-003,Industrial,East,42,72.4,1686887,1207444.0,1.012,0.616,90.7,16.79,8,14.9,3,2439,4174.0,-1.15,0,1
PRJ-003,Industrial,East,43,74.1,1686887,1165258.0,1.073,0.628,93.6,16.79,8,14.9,3,1929,3012.0,-6.83,0,1
PRJ-003,Industrial,East,44,75.9,1686887,1170342.0,1.093,0.6,94.9,16.79,8,14.9,3,1219,2034.0,-8.55,0,1
PRJ-003,Industrial,East,45,77.6,1686887,1205082.0,1.086,0.565,100.0,16.79,8,14.9,3,1768,2876.0,-7.92,0,1
PRJ-003,Industrial,East,46,79.3,1686887,1248135.0,1.072,0.628,100.0,16.79,8,14.9,3,1374,2261.0,-6.71,0,1
PRJ-003,Industrial,East,47,81.0,1686887,1309979.0,1.043,0.609,100.0,16.79,8,14.9,3,1274,2071.0,-4.17,0,1
PRJ-003,Industrial,East,48,82.8,1686887,1269326.0,1.1,0.6,99.7,16.79,8,14.9,3,2002,3383.0,-9.08,0,1
PRJ-003,Industrial,East,49,84.5,1686887,1421277.0,1.003,0.636,100.0,16.79,8,14.9,3,1802,2740.0,-0.27,0,1
PRJ-003,Industrial,East,50,86.2,1686887,1368098.0,1.063,0.578,100.0,16.79,8,14.9,3,2183,3919.0,-5.92,0,1
PRJ-003,Industrial,East,51,87.9,1686887,1415274.0,1.048,0.6,100.0,16.79,8,14.9,3,1751,2908.0,-4.59,0,1
PRJ-003,Industrial,East,52,89.7,1686887,1440665.0,1.05,0.674,100.0,16.79,8,14.9,3,817,1255.0,-4.74,0,1
PRJ-003,Industrial,East,53,91.4,1686887,1520254.0,1.014,0.667,100.0,16.79,8,14.9,3,1936,3023.0,-1.38,0,1
PRJ-003,Industrial,East,54,93.1,1686887,1601603.0,0.981,0.581,100.0,16.79,8,14.9,3,1724,2883.0,1.98,0,1
PRJ-003,Industrial,East,55,94.8,1686887,1543844.0,1.036,0.604,100.0,16.79,8,14.9,3,961,1574.0,-3.49,0,1
PRJ-003,Industrial,East,56,96.6,1686887,1568474.0,1.038,0.6,100.0,16.79,8,14.9,3,2172,3750.0,-3.7,0,1
PRJ-003,Industrial,East,57,98.3,1686887,1701864.0,0.974,0.56,100.0,16.79,8,14.9,3,1127,1884.0,2.66,0,1
PRJ-003,Industrial,East,58,100.0,1686887,1630991.0,1.034,0.595,100.0,16.79,8,14.9,3,1806,3088.0,-3.31,0,1
PRJ-004,Industrial,South,1,1.3,7521855,108653.0,0.923,1.189,-8.8,20.17,5,6.2,12,2329,2015.0,8.34,1,0
PRJ-004,Industrial,South,2,2.7,7521855,216978.0,0.924,1.162,-5.5,20.17,5,6.2,12,927,849.0,8.17,1,0
PRJ-004,Industrial,South,3,4.0,7521855,320837.0,0.938,1.108,2.0,20.17,5,6.2,12,1036,940.0,6.63,1,0
PRJ-004,Industrial,South,4,5.3,7521855,446791.0,0.898,1.133,-3.3,20.17,5,6.2,12,1465,1429.0,11.37,1,0
PRJ-004,Industrial,South,5,6.7,7521855,557854.0,0.899,1.149,-4.0,20.17,5,6.2,12,1840,1653.0,11.25,1,0
PRJ-004,Industrial,South,6,8.0,7521855,643986.0,0.934,1.067,3.5,20.17,5,6.2,12,1141,1087.0,7.02,1,0
PRJ-004,Industrial,South,7,9.3,7521855,744406.0,0.943,1.173,4.0,20.17,5,6.2,12,1254,1133.0,6.03,1,0
PRJ-004,Industrial,South,8,10.7,7521855,827218.0,0.97,1.149,6.0,20.17,5,6.2,12,2381,2013.0,3.1,0,0
PRJ-004,Industrial,South,9,12.0,7521855,978120.0,0.923,1.146,1.8,20.17,5,6.2,12,948,855.0,8.36,1,0
PRJ-004,Industrial,South,10,13.3,7521855,1083730.0,0.925,1.175,5.0,20.17,5,6.2,12,1543,1346.0,8.06,1,0
PRJ-004,Industrial,South,11,14.7,7521855,1222225.0,0.903,1.217,4.8,20.17,5,6.2,12,868,721.0,10.79,1,0
PRJ-004,Industrial,South,12,16.0,7521855,1371689.0,0.877,1.133,6.9,20.17,5,6.2,12,2067,1840.0,13.98,1,0
PRJ-004,Industrial,South,13,17.3,7521855,1403748.0,0.929,1.115,8.2,20.17,5,6.2,12,953,902.0,7.67,1,0
PRJ-004,Industrial,South,14,18.7,7521855,1624539.0,0.864,1.123,10.4,20.17,5,6.2,12,860,689.0,15.7,1,0
PRJ-004,Industrial,South,15,20.0,7521855,1656814.0,0.908,1.187,12.1,20.17,5,6.2,12,2052,1671.0,10.13,1,0
PRJ-004,Industrial,South,16,21.3,7521855,1679756.0,0.955,1.113,16.1,20.17,5,6.2,12,811,807.0,4.68,0,0
PRJ-004,Industrial,South,17,22.7,7521855,1782334.0,0.957,1.133,17.6,20.17,5,6.2,12,2308,2108.0,4.54,0,0
PRJ-004,Industrial,South,18,24.0,7521855,1903083.0,0.949,1.142,16.8,20.17,5,6.2,12,2478,1964.0,5.42,1,0
PRJ-004,Industrial,South,19,25.3,7521855,2084840.0,0.914,1.131,18.2,20.17,5,6.2,12,1839,1637.0,9.41,1,0
PRJ-004,Industrial,South,20,26.7,7521855,2120382.0,0.946,1.13,21.1,20.17,5,6.2,12,2321,2030.0,5.71,1,0
PRJ-004,Industrial,South,21,28.0,7521855,2191477.0,0.961,1.114,25.0,20.17,5,6.2,12,1414,1078.0,4.05,0,0
PRJ-004,Industrial,South,22,29.3,7521855,2392675.0,0.922,1.109,23.0,20.17,5,6.2,12,1921,1702.0,8.44,1,0
PRJ-004,Industrial,South,23,30.7,7521855,2505698.0,0.921,1.152,18.9,20.17,5,6.2,12,838,674.0,8.63,1,0
PRJ-004,Industrial,South,24,32.0,7521855,2589573.0,0.929,1.062,27.6,20.17,5,6.2,12,1521,1511.0,7.59,1,0
PRJ-004,Industrial,South,25,33.3,7521855,2996909.0,0.837,1.141,25.9,20.17,5,6.2,12,1538,1425.0,19.53,1,0
PRJ-004,Industrial,South,26,34.7,7521855,2842249.0,0.917,1.15,26.1,20.17,5,6.2,12,1044,982.0,9.0,1,0
PRJ-004,Industrial,South,27,36.0,7521855,2730198.0,0.992,1.097,29.8,20.17,5,6.2,12,1725,1441.0,0.82,0,0
PRJ-004,Industrial,South,28,37.3,7521855,3256368.0,0.862,1.062,32.5,20.17,5,6.2,12,802,787.0,15.96,1,0
PRJ-004,Industrial,South,29,38.7,7521855,3398129.0,0.856,1.105,34.3,20.17,5,6.2,12,1092,1029.0,16.84,1,0
PRJ-004,Industrial,South,30,40.0,7521855,3307685.0,0.91,1.119,37.1,20.17,5,6.2,12,1963,1656.0,9.94,1,0
PRJ-004,Industrial,South,31,41.3,7521855,3355752.0,0.926,1.065,39.7,20.17,5,6.2,12,1025,973.0,7.94,1,0
PRJ-004,Industrial,South,32,42.7,7521855,3401424.0,0.944,1.158,31.6,20.17,5,6.2,12,1025,889.0,5.99,1,0
PRJ-004,Industrial,South,33,44.0,7521855,3698065.0,0.895,1.105,39.8,20.17,5,6.2,12,1526,1472.0,11.74,1,0
PRJ-004,Industrial,South,34,45.3,7521855,3593256.0,0.949,1.09,39.2,20.17,5,6.2,12,959,903.0,5.38,1,0
PRJ-004,Industrial,South,35,46.7,7521855,3610003.0,0.972,1.086,37.9,20.17,5,6.2,12,1434,1258.0,2.84,0,0
PRJ-004,Industrial,South,36,48.0,7521855,3922261.0,0.921,1.137,39.5,20.17,5,6.2,12,1783,1578.0,8.64,1,0
PRJ-004,Industrial,South,37,49.3,7521855,4141183.0,0.896,1.106,45.1,20.17,5,6.2,12,1772,1605.0,11.6,1,0
PRJ-004,Industrial,South,38,50.7,7521855,4101100.0,0.929,1.103,49.3,20.17,5,6.2,12,839,795.0,7.61,1,0
PRJ-004,Industrial,South,39,52.0,7521855,4591891.0,0.852,1.114,46.8,20.17,5,6.2,12,1991,1817.0,17.4,1,0
PRJ-004,Industrial,South,40,53.3,7521855,4554721.0,0.881,1.085,48.2,20.17,5,6.2,12,1356,1186.0,13.54,1,0
PRJ-004,Industrial,South,41,54.7,7521855,4417512.0,0.931,1.133,50.8,20.17,5,6.2,12,806,738.0,7.43,1,0
PRJ-004,Industrial,South,42,56.0,7521855,4534365.0,0.929,1.094,51.8,20.17,5,6.2,12,881,799.0,7.65,1,0
PRJ-004,Industrial,South,43,57.3,7521855,4743086.0,0.909,1.107,51.5,20.17,5,6.2,12,2047,1849.0,9.98,1,0
PRJ-004,Industrial,South,44,58.7,7521855,4968536.0,0.888,1.076,52.9,20.17,5,6.2,12,1665,1560.0,12.59,1,0
PRJ-004,Industrial,South,45,60.0,7521855,4938356.0,0.914,1.157,51.5,20.17,5,6.2,12,1213,1061.0,9.42,1,0
PRJ-004,Industrial,South,46,61.3,7521855,5171648.0,0.892,1.081,56.6,20.17,5,6.2,12,1134,1112.0,12.1,1,0
PRJ-004,Industrial,South,47,62.7,7521855,5251209.0,0.898,1.102,57.2,20.17,5,6.2,12,1840,1633.0,11.4,1,0
PRJ-004,Industrial,South,48,64.0,7521855,5267780.0,0.914,1.118,56.7,20.17,5,6.2,12,1943,1734.0,9.43,1,0
PRJ-004,Industrial,South,49,65.3,7521855,5626256.0,0.873,1.098,63.5,20.17,5,6.2,12,1369,1242.0,14.49,1,0
PRJ-004,Industrial,South,50,66.7,7521855,5513574.0,0.909,1.084,65.1,20.17,5,6.2,12,1898,1761.0,9.95,1,0
PRJ-004,Industrial,South,51,68.0,7521855,5549220.0,0.922,1.124,61.4,20.17,5,6.2,12,820,683.0,8.49,1,0
PRJ-004,Industrial,South,52,69.3,7521855,6271291.0,0.832,1.066,68.4,20.17,5,6.2,12,1985,1770.0,20.25,1,0
PRJ-004,Industrial,South,53,70.7,7521855,6265458.0,0.848,1.125,64.3,20.17,5,6.2,12,2407,2274.0,17.87,1,0
PRJ-004,Industrial,South,54,72.0,7521855,6208744.0,0.872,1.066,72.0,20.17,5,6.2,12,998,812.0,14.64,1,0
PRJ-004,Industrial,South,55,73.3,7521855,6448203.0,0.855,1.089,71.4,20.17,5,6.2,12,1976,1864.0,16.9,1,0
PRJ-004,Industrial,South,56,74.7,7521855,6686828.0,0.84,1.096,66.9,20.17,5,6.2,12,1755,1629.0,19.06,1,0
PRJ-004,Industrial,South,57,76.0,7521855,6456099.0,0.885,1.056,74.9,20.17,5,6.2,12,1194,1092.0,12.94,1,0
PRJ-004,Industrial,South,58,77.3,7521855,6191983.0,0.939,1.063,74.8,20.17,5,6.2,12,965,904.0,6.45,1,0
PRJ-004,Industrial,South,59,78.7,7521855,6501197.0,0.91,1.041,77.4,20.17,5,6.2,12,2215,2181.0,9.87,1,0
PRJ-004,Industrial,South,60,80.0,7521855,6637538.0,0.907,1.098,74.5,20.17,5,6.2,12,2133,1948.0,10.3,1,0
PRJ-004,Industrial,South,61,81.3,7521855,6632350.0,0.922,1.097,76.0,20.17,5,6.2,12,801,731.0,8.41,1,0
PRJ-004,Industrial,South,62,82.7,7521855,6856163.0,0.907,1.072,76.3,20.17,5,6.2,12,1989,1745.0,10.26,1,0
PRJ-004,Industrial,South,63,84.0,7521855,6800577.0,0.929,1.088,78.5,20.17,5,6.2,12,1686,1599.0,7.63,1,0
PRJ-004,Industrial,South,64,85.3,7521855,7255648.0,0.885,1.071,85.2,20.17,5,6.2,12,1022,1025.0,13.04,1,0
PRJ-004,Industrial,South,65,86.7,7521855,7029503.0,0.927,1.076,83.6,20.17,5,6.2,12,2141,2062.0,7.83,1,0
PRJ-004,Industrial,South,66,88.0,7521855,7458496.0,0.887,1.104,87.1,20.17,5,6.2,12,1007,902.0,12.68,1,0
PRJ-004,Industrial,South,67,89.3,7521855,7381014.0,0.91,1.069,90.0,20.17,5,6.2,12,1608,1449.0,9.84,1,0
PRJ-004,Industrial,South,68,90.7,7521855,7901311.0,0.863,1.025,90.7,20.17,5,6.2,12,2347,2473.0,15.86,1,0
PRJ-004,Industrial,South,69,92.0,7521855,8260261.0,0.838,1.044,91.0,20.17,5,6.2,12,1106,1121.0,19.37,1,0
PRJ-004,Industrial,South,70,93.3,7521855,8475735.0,0.828,1.095,87.6,20.17,5,6.2,12,1723,1840.0,20.73,1,0
PRJ-004,Industrial,South,71,94.7,7521855,8046340.0,0.885,1.027,92.8,20.17,5,6.2,12,1661,1479.0,13.0,1,0
PRJ-004,Industrial,South,72,96.0,7521855,8369959.0,0.863,1.071,93.2,20.17,5,6.2,12,1531,1508.0,15.91,1,0
PRJ-004,Industrial,South,73,97.3,7521855,8955151.0,0.818,1.115,91.4,20.17,5,6.2,12,1377,1358.0,22.32,1,0
PRJ-004,Industrial,South,74,98.7,7521855,8220284.0,0.903,1.067,93.5,20.17,5,6.2,12,2466,2143.0,10.76,1,0
PRJ-004,Industrial,South,75,100.0,7521855,8297254.0,0.907,1.094,94.1,20.17,5,6.2,12,2343,2189.0,10.31,1,0
PRJ-005,Industrial,West,1,2.4,1757949,40721.0,1.028,1.214,-9.4,15.81,3,-8.9,9,1086,899.0,-2.71,0,0
PRJ-005,Industrial,West,2,4.8,1757949,88889.0,0.942,1.285,-10.5,15.81,3,-8.9,9,2080,1847.0,6.18,1,0
PRJ-005,Industrial,West,3,7.1,1757949,133449.0,0.941,1.214,-6.6,15.81,3,-8.9,9,1930,1671.0,6.28,1,0
PRJ-005,Industrial,West,4,9.5,1757949,165127.0,1.014,1.288,-5.1,15.81,3,-8.9,9,2379,1977.0,-1.37,0,0
PRJ-005,Industrial,West,5,11.9,1757949,215554.0,0.971,1.298,1.6,15.81,3,-8.9,9,1133,876.0,3.0,0,0
PRJ-005,Industrial,West,6,14.3,1757949,263356.0,0.954,1.245,-0.0,15.81,3,-8.9,9,1882,1519.0,4.87,0,0
PRJ-005,Industrial,West,7,16.7,1757949,320991.0,0.913,1.275,3.6,15.81,3,-8.9,9,2046,1620.0,9.56,1,0
PRJ-005,Industrial,West,8,19.0,1757949,363577.0,0.921,1.259,1.9,15.81,3,-8.9,9,950,710.0,8.58,1,0
PRJ-005,Industrial,West,9,21.4,1757949,380880.0,0.989,1.253,7.5,15.81,3,-8.9,9,2175,1823.0,1.11,0,0
PRJ-005,Industrial,West,10,23.8,1757949,449276.0,0.932,1.242,12.1,15.81,3,-8.9,9,2237,2070.0,7.34,1,0
PRJ-005,Industrial,West,11,26.2,1757949,477132.0,0.965,1.248,15.9,15.81,3,-8.9,9,1387,1125.0,3.63,0,0
PRJ-005,Industrial,West,12,28.6,1757949,524621.0,0.957,1.246,17.8,15.81,3,-8.9,9,2110,1579.0,4.45,0,0
PRJ-005,Industrial,West,13,31.0,1757949,537349.0,1.013,1.216,20.8,15.81,3,-8.9,9,2043,1715.0,-1.25,0,0
PRJ-005,Industrial,West,14,33.3,1757949,630886.0,0.929,1.262,19.5,15.81,3,-8.9,9,1912,1546.0,7.66,1,0
PRJ-005,Industrial,West,15,35.7,1757949,645045.0,0.973,1.284,22.4,15.81,3,-8.9,9,2147,1803.0,2.74,0,0
PRJ-005,Industrial,West,16,38.1,1757949,683369.0,0.98,1.231,28.1,15.81,3,-8.9,9,2305,1955.0,2.04,0,0
PRJ-005,Industrial,West,17,40.5,1757949,728512.0,0.977,1.272,26.4,15.81,3,-8.9,9,2167,1810.0,2.38,0,0
PRJ-005,Industrial,West,18,42.9,1757949,822401.0,0.916,1.265,26.7,15.81,3,-8.9,9,1510,1041.0,9.16,1,0
PRJ-005,Industrial,West,19,45.2,1757949,805912.0,0.987,1.297,32.6,15.81,3,-8.9,9,1535,1084.0,1.34,0,0
PRJ-005,Industrial,West,20,47.6,1757949,895209.0,0.935,1.234,34.5,15.81,3,-8.9,9,2445,2136.0,6.94,1,0
PRJ-005,Industrial,West,21,50.0,1757949,903770.0,0.973,1.322,34.0,15.81,3,-8.9,9,1127,712.0,2.82,0,0
PRJ-005,Industrial,West,22,52.4,1757949,903790.0,1.019,1.184,39.9,15.81,3,-8.9,9,2116,1771.0,-1.85,0,0
PRJ-005,Industrial,West,23,54.8,1757949,1070137.0,0.9,1.255,37.6,15.81,3,-8.9,9,1297,1045.0,11.16,1,0
PRJ-005,Industrial,West,24,57.1,1757949,1002800.0,1.002,1.215,48.9,15.81,3,-8.9,9,1135,977.0,-0.17,0,0
PRJ-005,Industrial,West,25,59.5,1757949,1096803.0,0.954,1.225,48.2,15.81,3,-8.9,9,1123,906.0,4.82,0,0
PRJ-005,Industrial,West,26,61.9,1757949,1132779.0,0.961,1.219,49.0,15.81,3,-8.9,9,1807,1667.0,4.09,0,0
PRJ-005,Industrial,West,27,64.3,1757949,1188415.0,0.951,1.221,54.8,15.81,3,-8.9,9,2471,2138.0,5.16,1,0
PRJ-005,Industrial,West,28,66.7,1757949,1310961.0,0.894,1.188,59.2,15.81,3,-8.9,9,1443,1221.0,11.86,1,0
PRJ-005,Industrial,West,29,69.0,1757949,1239839.0,0.979,1.2,60.1,15.81,3,-8.9,9,1758,1479.0,2.14,0,0
PRJ-005,Industrial,West,30,71.4,1757949,1379925.0,0.91,1.257,58.4,15.81,3,-8.9,9,2208,1810.0,9.89,1,0
PRJ-005,Industrial,West,31,73.8,1757949,1494399.0,0.868,1.221,67.3,15.81,3,-8.9,9,2043,1602.0,15.17,1,0
PRJ-005,Industrial,West,32,76.2,1757949,1463528.0,0.915,1.17,71.2,15.81,3,-8.9,9,2460,2125.0,9.27,1,0
PRJ-005,Industrial,West,33,78.6,1757949,1467035.0,0.942,1.162,71.2,15.81,3,-8.9,9,2403,2165.0,6.21,1,0
PRJ-005,Industrial,West,34,81.0,1757949,1554894.0,0.915,1.264,66.1,15.81,3,-8.9,9,945,721.0,9.26,1,0
PRJ-005,Industrial,West,35,83.3,1757949,1552662.0,0.944,1.173,74.2,15.81,3,-8.9,9,2384,2108.0,5.99,1,0
PRJ-005,Industrial,West,36,85.7,1757949,1600515.0,0.941,1.201,75.4,15.81,3,-8.9,9,2255,1758.0,6.22,1,0
PRJ-005,Industrial,West,37,88.1,1757949,1710605.0,0.905,1.221,74.6,15.81,3,-8.9,9,1768,1577.0,10.46,1,0
PRJ-005,Industrial,West,38,90.5,1757949,1816767.0,0.875,1.213,79.8,15.81,3,-8.9,9,1062,833.0,14.22,1,0
PRJ-005,Industrial,West,39,92.9,1757949,1676478.0,0.974,1.252,79.1,15.81,3,-8.9,9,1258,1024.0,2.7,0,0
PRJ-005,Industrial,West,40,95.2,1757949,1845921.0,0.907,1.152,88.8,15.81,3,-8.9,9,1805,1640.0,10.25,1,0
PRJ-005,Industrial,West,41,97.6,1757949,1945216.0,0.882,1.15,93.3,15.81,3,-8.9,9,2176,1822.0,13.35,1,0
PRJ-005,Industrial,West,42,100.0,1757949,1990235.0,0.883,1.199,88.5,15.81,3,-8.9,9,2465,1992.0,13.21,1,0
PRJ-006,Industrial,North,1,1.8,7441447,175905.0,0.742,0.71,14.7,14.82,4,2.1,10,1085,1570.0,34.74,1,1
PRJ-006,Industrial,North,2,3.5,7441447,296446.0,0.881,0.736,17.1,14.82,4,2.1,10,1984,2666.0,13.54,1,1
PRJ-006,Industrial,North,3,5.3,7441447,480663.0,0.815,0.796,14.9,14.82,4,2.1,10,1548,1912.0,22.73,1,1
PRJ-006,Industrial,North,4,7.0,7441447,662707.0,0.788,0.714,21.5,14.82,4,2.1,10,1634,2347.0,26.91,1,1
PRJ-006,Industrial,North,5,8.8,7441447,842293.0,0.775,0.655,26.8,14.82,4,2.1,10,2242,3702.0,29.04,1,1
PRJ-006,Industrial,North,6,10.5,7441447,957594.0,0.818,0.76,18.5,14.82,4,2.1,10,811,1116.0,22.25,1,1
PRJ-006,Industrial,North,7,12.3,7441447,1152641.0,0.793,0.752,25.8,14.82,4,2.1,10,1747,2376.0,26.13,1,1
PRJ-006,Industrial,North,8,14.0,7441447,1324438.0,0.789,0.745,28.2,14.82,4,2.1,10,1592,2147.0,26.81,1,1
PRJ-006,Industrial,North,9,15.8,7441447,1577464.0,0.745,0.708,28.4,14.82,4,2.1,10,1135,1621.0,34.26,1,1
PRJ-006,Industrial,North,10,17.5,7441447,1666547.0,0.783,0.729,26.1,14.82,4,2.1,10,1848,2542.0,27.65,1,1
PRJ-006,Industrial,North,11,19.3,7441447,1846196.0,0.778,0.722,35.1,14.82,4,2.1,10,1902,2313.0,28.56,1,1
PRJ-006,Industrial,North,12,21.1,7441447,1952179.0,0.802,0.726,34.6,14.82,4,2.1,10,2476,3472.0,24.61,1,1
PRJ-006,Industrial,North,13,22.8,7441447,2065863.0,0.822,0.695,34.8,14.82,4,2.1,10,1086,1631.0,21.72,1,1
PRJ-006,Industrial,North,14,24.6,7441447,2349082.0,0.778,0.705,38.2,14.82,4,2.1,10,2152,3007.0,28.52,1,1
PRJ-006,Industrial,North,15,26.3,7441447,2522234.0,0.776,0.731,40.8,14.82,4,2.1,10,1408,1860.0,28.8,1,1
PRJ-006,Industrial,North,16,28.1,7441447,2606290.0,0.801,0.704,43.7,14.82,4,2.1,10,1619,2395.0,24.77,1,1
PRJ-006,Industrial,North,17,29.8,7441447,2738899.0,0.81,0.672,47.2,14.82,4,2.1,10,2308,3519.0,23.41,1,1
PRJ-006,Industrial,North,18,31.6,7441447,2971949.0,0.791,0.731,44.0,14.82,4,2.1,10,891,1166.0,26.47,1,1
PRJ-006,Industrial,North,19,33.3,7441447,3289720.0,0.754,0.698,49.3,14.82,4,2.1,10,2006,2865.0,32.62,1,1
PRJ-006,Industrial,North,20,35.1,7441447,3368279.0,0.775,0.621,52.9,14.82,4,2.1,10,2246,3661.0,29.0,1,1
PRJ-006,Industrial,North,21,36.8,7441447,3677726.0,0.745,0.728,51.3,14.82,4,2.1,10,1137,1623.0,34.15,1,1
PRJ-006,Industrial,North,22,38.6,7441447,3835857.0,0.749,0.673,54.9,14.82,4,2.1,10,982,1568.0,33.55,1,1
PRJ-006,Industrial,North,23,40.4,7441447,3861131.0,0.778,0.711,57.0,14.82,4,2.1,10,2259,3237.0,28.59,1,1
PRJ-006,Industrial,North,24,42.1,7441447,4021586.0,0.779,0.724,56.5,14.82,4,2.1,10,1224,1646.0,28.35,1,1
PRJ-006,Industrial,North,25,43.9,7441447,4243595.0,0.769,0.746,57.9,14.82,4,2.1,10,1031,1356.0,30.02,1,1
PRJ-006,Industrial,North,26,45.6,7441447,3988851.0,0.851,0.672,63.5,14.82,4,2.1,10,999,1501.0,17.51,1,1
PRJ-006,Industrial,North,27,47.4,7441447,4427191.0,0.796,0.681,65.3,14.82,4,2.1,10,1380,2017.0,25.6,1,1
PRJ-006,Industrial,North,28,49.1,7441447,4645862.0,0.787,0.739,61.7,14.82,4,2.1,10,2328,3160.0,27.09,1,1
PRJ-006,Industrial,North,29,50.9,7441447,4691971.0,0.807,0.723,64.5,14.82,4,2.1,10,1840,2554.0,23.93,1,1
PRJ-006,Industrial,North,30,52.6,7441447,5280756.0,0.742,0.655,72.3,14.82,4,2.1,10,2214,3305.0,34.83,1,1
PRJ-006,Industrial,North,31,54.4,7441447,5306202.0,0.763,0.719,70.9,14.82,4,2.1,10,2175,2785.0,31.11,1,1
PRJ-006,Industrial,North,32,56.1,7441447,5382047.0,0.776,0.66,73.2,14.82,4,2.1,10,2160,3180.0,28.83,1,1
PRJ-006,Industrial,North,33,57.9,7441447,5326401.0,0.809,0.658,72.2,14.82,4,2.1,10,1745,2784.0,23.63,1,1
PRJ-006,Industrial,North,34,59.6,7441447,5752828.0,0.772,0.675,75.8,14.82,4,2.1,10,1566,2363.0,29.6,1,1
PRJ-006,Industrial,North,35,61.4,7441447,5568614.0,0.821,0.732,76.3,14.82,4,2.1,10,1691,2362.0,21.87,1,1
PRJ-006,Industrial,North,36,63.2,7441447,6004393.0,0.783,0.649,80.2,14.82,4,2.1,10,1645,2471.0,27.76,1,1
PRJ-006,Industrial,North,37,64.9,7441447,5774658.0,0.836,0.642,82.4,14.82,4,2.1,10,1485,2294.0,19.55,1,1
PRJ-006,Industrial,North,38,66.7,7441447,6727784.0,0.737,0.707,80.6,14.82,4,2.1,10,1742,2510.0,35.61,1,1
PRJ-006,Industrial,North,39,68.4,7441447,6381584.0,0.798,0.648,88.5,14.82,4,2.1,10,2183,3356.0,25.34,1,1
PRJ-006,Industrial,North,40,70.2,7441447,7125488.0,0.733,0.678,86.0,14.82,4,2.1,10,1461,2130.0,36.45,1,1
PRJ-006,Industrial,North,41,71.9,7441447,6839281.0,0.783,0.65,88.4,14.82,4,2.1,10,2230,3498.0,27.77,1,1
PRJ-006,Industrial,North,42,73.7,7441447,6989993.0,0.784,0.689,93.8,14.82,4,2.1,10,1495,2249.0,27.48,1,1
PRJ-006,Industrial,North,43,75.4,7441447,7557586.0,0.743,0.674,93.8,14.82,4,2.1,10,2052,3067.0,34.63,1,1
PRJ-006,Industrial,North,44,77.2,7441447,7524943.0,0.763,0.628,95.4,14.82,4,2.1,10,1673,2592.0,31.0,1,1
PRJ-006,Industrial,North,45,78.9,7441447,8073452.0,0.728,0.696,95.7,14.82,4,2.1,10,1722,2525.0,37.42,1,1
PRJ-006,Industrial,North,46,80.7,7441447,8161413.0,0.736,0.707,98.6,14.82,4,2.1,10,1033,1597.0,35.9,1,1
PRJ-006,Industrial,North,47,82.5,7441447,8282270.0,0.741,0.68,98.2,14.82,4,2.1,10,1386,2067.0,34.98,1,1
PRJ-006,Industrial,North,48,84.2,7441447,8009456.0,0.782,0.674,100.0,14.82,4,2.1,10,1497,1972.0,27.81,1,1
PRJ-006,Industrial,North,49,86.0,7441447,8670386.0,0.738,0.595,100.0,14.82,4,2.1,10,1026,1727.0,35.54,1,1
PRJ-006,Industrial,North,50,87.7,7441447,8443440.0,0.773,0.63,100.0,14.82,4,2.1,10,1072,1638.0,29.35,1,1
PRJ-006,Industrial,North,51,89.5,7441447,8952931.0,0.744,0.732,100.0,14.82,4,2.1,10,1135,1561.0,34.47,1,1
PRJ-006,Industrial,North,52,91.2,7441447,8689789.0,0.781,0.624,100.0,14.82,4,2.1,10,2493,3913.0,28.0,1,1
PRJ-006,Industrial,North,53,93.0,7441447,9357730.0,0.739,0.677,100.0,14.82,4,2.1,10,1010,1558.0,35.24,1,1
PRJ-006,Industrial,North,54,94.7,7441447,9374567.0,0.752,0.637,100.0,14.82,4,2.1,10,1726,2791.0,32.98,1,1
PRJ-006,Industrial,North,55,96.5,7441447,9466193.0,0.759,0.689,100.0,14.82,4,2.1,10,912,1310.0,31.83,1,1
PRJ-006,Industrial,North,56,98.2,7441447,10018491.0,0.73,0.644,100.0,14.82,4,2.1,10,1562,2319.0,37.04,1,1
PRJ-006,Industrial,North,57,100.0,7441447,9574798.0,0.777,0.673,100.0,14.82,4,2.1,10,997,1454.0,28.67,1,1
PRJ-007,Industrial,West,1,1.5,2627599,51287.0,0.776,0.943,4.0,2.96,6,1.4,10,2136,2216.0,28.82,1,0
PRJ-007,Industrial,West,2,3.0,2627599,102470.0,0.777,1.049,0.2,2.96,6,1.4,10,1784,1692.0,28.69,1,0
PRJ-007,Industrial,West,3,4.5,2627599,152900.0,0.781,0.999,2.9,2.96,6,1.4,10,2043,1936.0,28.02,1,0
PRJ-007,Industrial,West,4,6.1,2627599,218455.0,0.729,1.009,7.0,2.96,6,1.4,10,1640,1582.0,37.18,1,0
PRJ-007,Industrial,West,5,7.6,2627599,253106.0,0.786,1.025,4.1,2.96,6,1.4,10,2342,2268.0,27.15,1,0
PRJ-007,Industrial,West,6,9.1,2627599,306404.0,0.78,1.03,10.9,2.96,6,1.4,10,2295,2308.0,28.27,1,0
PRJ-007,Industrial,West,7,10.6,2627599,353018.0,0.789,1.015,8.7,2.96,6,1.4,10,1695,1661.0,26.67,1,0
PRJ-007,Industrial,West,8,12.1,2627599,371633.0,0.857,0.991,13.8,2.96,6,1.4,10,1104,1140.0,16.68,1,0
PRJ-007,Industrial,West,9,13.6,2627599,456384.0,0.785,0.966,17.7,2.96,6,1.4,10,1224,1217.0,27.37,1,0
PRJ-007,Industrial,West,10,15.2,2627599,509713.0,0.781,1.027,17.6,2.96,6,1.4,10,2487,2385.0,28.03,1,0
PRJ-007,Industrial,West,11,16.7,2627599,554076.0,0.79,1.022,19.2,2.96,6,1.4,10,1765,1775.0,26.52,1,0
PRJ-007,Industrial,West,12,18.2,2627599,618377.0,0.773,0.976,18.9,2.96,6,1.4,10,821,859.0,29.44,1,0
PRJ-007,Industrial,West,13,19.7,2627599,636935.0,0.813,0.936,20.9,2.96,6,1.4,10,1436,1473.0,23.07,1,0
PRJ-007,Industrial,West,14,21.2,2627599,683580.0,0.815,0.996,21.8,2.96,6,1.4,10,1370,1331.0,22.64,1,0
PRJ-007,Industrial,West,15,22.7,2627599,762361.0,0.783,0.985,24.7,2.96,6,1.4,10,1190,1216.0,27.66,1,0
PRJ-007,Industrial,West,16,24.2,2627599,779775.0,0.817,1.026,24.6,2.96,6,1.4,10,2478,2456.0,22.41,1,0
PRJ-007,Industrial,West,17,25.8,2627599,870861.0,0.777,0.991,23.1,2.96,6,1.4,10,857,880.0,28.67,1,0
PRJ-007,Industrial,West,18,27.3,2627599,861111.0,0.832,0.971,28.9,2.96,6,1.4,10,1867,1905.0,20.16,1,0
PRJ-007,Industrial,West,19,28.8,2627599,859410.0,0.88,1.005,27.0,2.96,6,1.4,10,1400,1336.0,13.61,1,0
PRJ-007,Industrial,West,20,30.3,2627599,1023391.0,0.778,0.954,32.1,2.96,6,1.4,10,1067,1021.0,28.53,1,0
PRJ-007,Industrial,West,21,31.8,2627599,1058241.0,0.79,1.004,34.4,2.96,6,1.4,10,2420,2538.0,26.58,1,0
PRJ-007,Industrial,West,22,33.3,2627599,1179735.0,0.742,0.908,40.1,2.96,6,1.4,10,2277,2434.0,34.69,1,0
PRJ-007,Industrial,West,23,34.8,2627599,1124136.0,0.815,0.979,35.1,2.96,6,1.4,10,1823,1986.0,22.77,1,0
PRJ-007,Industrial,West,24,36.4,2627599,1257808.0,0.76,0.971,39.7,2.96,6,1.4,10,1789,1777.0,31.64,1,0
PRJ-007,Industrial,West,25,37.9,2627599,1260810.0,0.789,0.991,38.8,2.96,6,1.4,10,1613,1542.0,26.68,1,0
PRJ-007,Industrial,West,26,39.4,2627599,1323854.0,0.782,0.956,43.9,2.96,6,1.4,10,1723,1786.0,27.89,1,0
PRJ-007,Industrial,West,27,40.9,2627599,1322957.0,0.813,1.017,45.2,2.96,6,1.4,10,1729,1654.0,23.07,1,0
PRJ-007,Industrial,West,28,42.4,2627599,1496192.0,0.745,0.994,42.2,2.96,6,1.4,10,1445,1380.0,34.22,1,0
PRJ-007,Industrial,West,29,43.9,2627599,1413533.0,0.817,1.018,42.8,2.96,6,1.4,10,1256,1229.0,22.43,1,0
PRJ-007,Industrial,West,30,45.5,2627599,1669955.0,0.715,0.961,49.4,2.96,6,1.4,10,1785,1816.0,39.82,1,0
PRJ-007,Industrial,West,31,47.0,2627599,1596248.0,0.773,0.982,47.0,2.96,6,1.4,10,2498,2495.0,29.34,1,0
PRJ-007,Industrial,West,32,48.5,2627599,1688793.0,0.754,1.021,46.8,2.96,6,1.4,10,1752,1886.0,32.56,1,0
PRJ-007,Industrial,West,33,50.0,2627599,1791912.0,0.733,0.995,51.5,2.96,6,1.4,10,1661,1673.0,36.39,1,0
PRJ-007,Industrial,West,34,51.5,2627599,1722684.0,0.786,0.98,50.9,2.96,6,1.4,10,1889,1840.0,27.27,1,0
PRJ-007,Industrial,West,35,53.0,2627599,1749156.0,0.797,0.993,52.6,2.96,6,1.4,10,942,997.0,25.53,1,0
PRJ-007,Industrial,West,36,54.5,2627599,1932027.0,0.742,0.987,56.5,2.96,6,1.4,10,1644,1689.0,34.8,1,0
PRJ-007,Industrial,West,37,56.1,2627599,1833175.0,0.804,0.952,56.2,2.96,6,1.4,10,1357,1500.0,24.45,1,0
PRJ-007,Industrial,West,38,57.6,2627599,1946145.0,0.777,0.897,64.4,2.96,6,1.4,10,2365,2626.0,28.64,1,1
PRJ-007,Industrial,West,39,59.1,2627599,1886266.0,0.823,0.958,60.6,2.96,6,1.4,10,1069,1103.0,21.49,1,0
PRJ-007,Industrial,West,40,60.6,2627599,2007504.0,0.793,0.945,64.9,2.96,6,1.4,10,1746,1895.0,26.06,1,0
PRJ-007,Industrial,West,41,62.1,2627599,2022726.0,0.807,0.986,66.9,2.96,6,1.4,10,2459,2427.0,23.92,1,0
PRJ-007,Industrial,West,42,63.6,2627599,2078448.0,0.804,0.966,69.0,2.96,6,1.4,10,1735,1649.0,24.3,1,0
PRJ-007,Industrial,West,43,65.2,2627599,2150852.0,0.796,0.975,64.6,2.96,6,1.4,10,840,879.0,25.64,1,0
PRJ-007,Industrial,West,44,66.7,2627599,2171016.0,0.807,0.978,68.2,2.96,6,1.4,10,1950,2049.0,23.94,1,0
PRJ-007,Industrial,West,45,68.2,2627599,2114402.0,0.847,0.934,73.1,2.96,6,1.4,10,1067,1146.0,18.02,1,0
PRJ-007,Industrial,West,46,69.7,2627599,2248730.0,0.814,0.919,74.2,2.96,6,1.4,10,2024,2228.0,22.79,1,0
PRJ-007,Industrial,West,47,71.2,2627599,2343008.0,0.799,0.965,78.3,2.96,6,1.4,10,2254,2209.0,25.22,1,0
PRJ-007,Industrial,West,48,72.7,2627599,2462976.0,0.776,0.914,76.1,2.96,6,1.4,10,1205,1416.0,28.89,1,0
PRJ-007,Industrial,West,49,74.2,2627599,2383524.0,0.818,0.991,76.2,2.96,6,1.4,10,931,902.0,22.18,1,0
PRJ-007,Industrial,West,50,75.8,2627599,2518211.0,0.79,0.962,76.3,2.96,6,1.4,10,1378,1462.0,26.5,1,0
PRJ-007,Industrial,West,51,77.3,2627599,2593314.0,0.783,0.982,79.4,2.96,6,1.4,10,2407,2375.0,27.72,1,0
PRJ-007,Industrial,West,52,78.8,2627599,2639582.0,0.784,0.914,80.4,2.96,6,1.4,10,1579,1791.0,27.5,1,0
PRJ-007,Industrial,West,53,80.3,2627599,2689781.0,0.784,0.929,80.7,2.96,6,1.4,10,1240,1321.0,27.48,1,0
PRJ-007,Industrial,West,54,81.8,2627599,3002297.0,0.716,0.946,82.0,2.96,6,1.4,10,1548,1828.0,39.65,1,0
PRJ-007,Industrial,West,55,83.3,2627599,2893184.0,0.757,0.966,85.3,2.96,6,1.4,10,1680,1714.0,32.13,1,0
PRJ-007,Industrial,West,56,84.8,2627599,2952239.0,0.755,0.939,90.6,2.96,6,1.4,10,1117,1162.0,32.42,1,0
PRJ-007,Industrial,West,57,86.4,2627599,2931475.0,0.774,0.952,87.6,2.96,6,1.4,10,1616,1626.0,29.18,1,0
PRJ-007,Industrial,West,58,87.9,2627599,2939854.0,0.785,0.929,87.1,2.96,6,1.4,10,1864,2002.0,27.32,1,0
PRJ-007,Industrial,West,59,89.4,2627599,3092709.0,0.76,0.968,89.6,2.96,6,1.4,10,1383,1447.0,31.67,1,0
PRJ-007,Industrial,West,60,90.9,2627599,3014960.0,0.792,0.874,99.0,2.96,6,1.4,10,2124,2502.0,26.22,1,1
PRJ-007,Industrial,West,61,92.4,2627599,3076280.0,0.789,0.909,98.1,2.96,6,1.4,10,2147,2274.0,26.67,1,0
PRJ-007,Industrial,West,62,93.9,2627599,3474611.0,0.71,0.891,98.8,2.96,6,1.4,10,1211,1414.0,40.77,1,1
PRJ-007,Industrial,West,63,95.5,2627599,3215968.0,0.78,0.866,100.0,2.96,6,1.4,10,840,977.0,28.22,1,1
PRJ-007,Industrial,West,64,97.0,2627599,3227039.0,0.79,0.882,100.0,2.96,6,1.4,10,2089,2250.0,26.65,1,1
PRJ-007,Industrial,West,65,98.5,2627599,3333329.0,0.776,0.926,100.0,2.96,6,1.4,10,1428,1460.0,28.81,1,0
PRJ-007,Industrial,West,66,100.0,2627599,3372130.0,0.779,0.91,100.0,2.96,6,1.4,10,1218,1288.0,28.34,1,0
PRJ-008,Infrastructure,South,1,1.5,6435677,96152.0,0.984,0.916,3.2,5.4,5,-1.0,9,806,882.0,1.6,0,0
PRJ-008,Infrastructure,South,2,2.9,6435677,201852.0,0.938,0.973,4.4,5.4,5,-1.0,9,2242,2286.0,6.64,1,0
PRJ-008,Infrastructure,South,3,4.4,6435677,299031.0,0.949,0.978,2.1,5.4,5,-1.0,9,1375,1350.0,5.32,1,0
PRJ-008,Infrastructure,South,4,5.9,6435677,412757.0,0.917,1.021,8.6,5.4,5,-1.0,9,2257,2158.0,9.03,1,0
PRJ-008,Infrastructure,South,5,7.4,6435677,497330.0,0.952,0.981,9.4,5.4,5,-1.0,9,2489,2538.0,5.1,1,0
PRJ-008,Infrastructure,South,6,8.8,6435677,608986.0,0.932,0.969,6.8,5.4,5,-1.0,9,1284,1302.0,7.24,1,0
PRJ-008,Infrastructure,South,7,10.3,6435677,695407.0,0.953,1.011,8.8,5.4,5,-1.0,9,1445,1265.0,4.97,0,0
PRJ-008,Infrastructure,South,8,11.8,6435677,757168.0,1.0,0.988,12.1,5.4,5,-1.0,9,908,939.0,0.0,0,0
PRJ-008,Infrastructure,South,9,13.2,6435677,883682.0,0.964,0.987,11.3,5.4,5,-1.0,9,1620,1651.0,3.75,0,0
PRJ-008,Infrastructure,South,10,14.7,6435677,988373.0,0.958,1.011,12.0,5.4,5,-1.0,9,2386,2256.0,4.43,0,0
PRJ-008,Infrastructure,South,11,16.2,6435677,1079128.0,0.965,0.933,17.3,5.4,5,-1.0,9,938,1040.0,3.66,0,0
PRJ-008,Infrastructure,South,12,17.6,6435677,1256151.0,0.904,0.994,15.8,5.4,5,-1.0,9,1282,1306.0,10.61,1,0
PRJ-008,Infrastructure,South,13,19.1,6435677,1264608.0,0.973,0.959,22.4,5.4,5,-1.0,9,1922,1942.0,2.78,0,0
PRJ-008,Infrastructure,South,14,20.6,6435677,1363699.0,0.972,0.995,24.8,5.4,5,-1.0,9,964,1023.0,2.92,0,0
PRJ-008,Infrastructure,South,15,22.1,6435677,1507480.0,0.942,0.98,24.0,5.4,5,-1.0,9,2482,2626.0,6.19,1,0
PRJ-008,Infrastructure,South,16,23.5,6435677,1561168.0,0.97,0.935,23.4,5.4,5,-1.0,9,2382,2685.0,3.1,0,0
PRJ-008,Infrastructure,South,17,25.0,6435677,1691721.0,0.951,0.972,25.1,5.4,5,-1.0,9,1357,1455.0,5.15,1,0
PRJ-008,Infrastructure,South,18,26.5,6435677,1770572.0,0.962,0.982,27.8,5.4,5,-1.0,9,1381,1383.0,3.93,0,0
PRJ-008,Infrastructure,South,19,27.9,6435677,1980224.0,0.908,0.999,26.2,5.4,5,-1.0,9,2039,1975.0,10.12,1,0
PRJ-008,Infrastructure,South,20,29.4,6435677,1849522.0,1.023,0.925,32.7,5.4,5,-1.0,9,2288,2552.0,-2.29,0,0
PRJ-008,Infrastructure,South,21,30.9,6435677,1994559.0,0.996,0.948,34.3,5.4,5,-1.0,9,1164,1315.0,0.36,0,0
PRJ-008,Infrastructure,South,22,32.4,6435677,2157178.0,0.965,0.956,31.8,5.4,5,-1.0,9,1639,1793.0,3.6,0,0
PRJ-008,Infrastructure,South,23,33.8,6435677,2226177.0,0.978,0.867,41.8,5.4,5,-1.0,9,1519,1767.0,2.27,0,1
PRJ-008,Infrastructure,South,24,35.3,6435677,2211967.0,1.027,0.967,39.1,5.4,5,-1.0,9,2487,2632.0,-2.62,0,0
PRJ-008,Infrastructure,South,25,36.8,6435677,2450058.0,0.966,1.004,36.3,5.4,5,-1.0,9,2372,2321.0,3.55,0,0
PRJ-008,Infrastructure,South,26,38.2,6435677,2618313.0,0.94,0.963,41.7,5.4,5,-1.0,9,1951,2099.0,6.41,1,0
PRJ-008,Infrastructure,South,27,39.7,6435677,2650364.0,0.964,0.953,40.8,5.4,5,-1.0,9,2358,2510.0,3.72,0,0
PRJ-008,Infrastructure,South,28,41.2,6435677,2837835.0,0.934,0.947,40.6,5.4,5,-1.0,9,2181,2125.0,7.09,1,0
PRJ-008,Infrastructure,South,29,42.6,6435677,2823097.0,0.972,0.89,50.3,5.4,5,-1.0,9,2113,2572.0,2.86,0,1
PRJ-008,Infrastructure,South,30,44.1,6435677,2928605.0,0.969,0.968,45.4,5.4,5,-1.0,9,1121,1067.0,3.15,0,0
PRJ-008,Infrastructure,South,31,45.6,6435677,3079839.0,0.953,0.922,47.5,5.4,5,-1.0,9,1094,1145.0,4.97,0,0
PRJ-008,Infrastructure,South,32,47.1,6435677,3330411.0,0.909,0.919,50.2,5.4,5,-1.0,9,2453,2584.0,9.97,1,0
PRJ-008,Infrastructure,South,33,48.5,6435677,3291426.0,0.949,0.88,55.8,5.4,5,-1.0,9,1236,1328.0,5.39,1,1
PRJ-008,Infrastructure,South,34,50.0,6435677,3214806.0,1.001,0.924,55.0,5.4,5,-1.0,9,1343,1396.0,-0.09,0,0
PRJ-008,Infrastructure,South,35,51.5,6435677,3241768.0,1.022,0.899,55.2,5.4,5,-1.0,9,959,1076.0,-2.13,0,1
PRJ-008,Infrastructure,South,36,52.9,6435677,3871000.0,0.88,0.99,51.9,5.4,5,-1.0,9,1646,1578.0,13.61,1,0
PRJ-008,Infrastructure,South,37,54.4,6435677,3546597.0,0.987,1.017,54.3,5.4,5,-1.0,9,2289,2192.0,1.28,0,0
PRJ-008,Infrastructure,South,38,55.9,6435677,3902592.0,0.922,0.923,57.8,5.4,5,-1.0,9,2384,2694.0,8.51,1,0
PRJ-008,Infrastructure,South,39,57.4,6435677,3942874.0,0.936,0.932,62.7,5.4,5,-1.0,9,2166,2212.0,6.82,1,0
PRJ-008,Infrastructure,South,40,58.8,6435677,4090042.0,0.926,1.003,59.6,5.4,5,-1.0,9,1980,1957.0,8.04,1,0
PRJ-008,Infrastructure,South,41,60.3,6435677,4042735.0,0.96,0.897,65.9,5.4,5,-1.0,9,1710,1997.0,4.19,0,1
PRJ-008,Infrastructure,South,42,61.8,6435677,4181573.0,0.951,0.946,65.7,5.4,5,-1.0,9,1490,1562.0,5.2,1,0
PRJ-008,Infrastructure,South,43,63.2,6435677,4232100.0,0.962,0.908,63.0,5.4,5,-1.0,9,1431,1566.0,3.99,0,0
PRJ-008,Infrastructure,South,44,64.7,6435677,4487076.0,0.928,0.936,69.0,5.4,5,-1.0,9,1924,2020.0,7.75,1,0
PRJ-008,Infrastructure,South,45,66.2,6435677,4456455.0,0.956,0.929,68.5,5.4,5,-1.0,9,1778,1887.0,4.64,0,0
PRJ-008,Infrastructure,South,46,67.6,6435677,4570229.0,0.953,0.892,75.0,5.4,5,-1.0,9,2178,2408.0,4.98,0,1
PRJ-008,Infrastructure,South,47,69.1,6435677,4892790.0,0.909,0.913,70.6,5.4,5,-1.0,9,1691,1732.0,10.0,1,0
PRJ-008,Infrastructure,South,48,70.6,6435677,4815043.0,0.943,0.928,69.9,5.4,5,-1.0,9,1697,1942.0,5.99,1,0
PRJ-008,Infrastructure,South,49,72.1,6435677,4778898.0,0.97,0.883,80.0,5.4,5,-1.0,9,1923,2172.0,3.05,0,1
PRJ-008,Infrastructure,South,50,73.5,6435677,4825977.0,0.981,0.963,73.9,5.4,5,-1.0,9,2086,2122.0,1.98,0,0
PRJ-008,Infrastructure,South,51,75.0,6435677,5016012.0,0.962,0.896,79.5,5.4,5,-1.0,9,1888,2292.0,3.92,0,1
PRJ-008,Infrastructure,South,52,76.5,6435677,5230365.0,0.941,0.93,78.9,5.4,5,-1.0,9,917,978.0,6.28,1,0
PRJ-008,Infrastructure,South,53,77.9,6435677,5239422.0,0.957,0.955,80.8,5.4,5,-1.0,9,2348,2384.0,4.45,0,0
PRJ-008,Infrastructure,South,54,79.4,6435677,5650961.0,0.904,0.875,85.2,5.4,5,-1.0,9,910,920.0,10.57,1,1
PRJ-008,Infrastructure,South,55,80.9,6435677,5368503.0,0.97,0.9,87.7,5.4,5,-1.0,9,1208,1286.0,3.13,0,1
PRJ-008,Infrastructure,South,56,82.4,6435677,5577798.0,0.95,0.923,83.9,5.4,5,-1.0,9,1979,2255.0,5.24,1,0
PRJ-008,Infrastructure,South,57,83.8,6435677,5843241.0,0.923,0.883,88.1,5.4,5,-1.0,9,974,1109.0,8.32,1,1
PRJ-008,Infrastructure,South,58,85.3,6435677,5828781.0,0.942,0.909,91.8,5.4,5,-1.0,9,1318,1401.0,6.19,1,0
PRJ-008,Infrastructure,South,59,86.8,6435677,6126792.0,0.911,0.858,94.2,5.4,5,-1.0,9,1422,1661.0,9.72,1,1
PRJ-008,Infrastructure,South,60,88.2,6435677,5891570.0,0.964,0.959,91.0,5.4,5,-1.0,9,2327,2561.0,3.75,0,0
PRJ-008,Infrastructure,South,61,89.7,6435677,6562501.0,0.88,0.871,95.4,5.4,5,-1.0,9,1288,1467.0,13.67,1,1
PRJ-008,Infrastructure,South,62,91.2,6435677,6162942.0,0.952,0.917,93.9,5.4,5,-1.0,9,2041,2222.0,5.03,1,0
PRJ-008,Infrastructure,South,63,92.6,6435677,6264142.0,0.952,0.897,98.2,5.4,5,-1.0,9,1779,1842.0,5.06,1,1
PRJ-008,Infrastructure,South,64,94.1,6435677,6289262.0,0.963,0.896,98.9,5.4,5,-1.0,9,2394,2593.0,3.83,0,1
PRJ-008,Infrastructure,South,65,95.6,6435677,6343927.0,0.97,0.937,96.5,5.4,5,-1.0,9,1260,1286.0,3.12,0,0
PRJ-008,Infrastructure,South,66,97.1,6435677,6497957.0,0.961,0.926,100.0,5.4,5,-1.0,9,1290,1328.0,4.03,0,0
PRJ-008,Infrastructure,South,67,98.5,6435677,6448619.0,0.983,0.863,100.0,5.4,5,-1.0,9,1485,1725.0,1.7,0,1
PRJ-008,Infrastructure,South,68,100.0,6435677,7048694.0,0.913,0.884,100.0,5.4,5,-1.0,9,814,945.0,9.53,1,1
PRJ-009,Industrial,North,1,4.2,6395725,255420.0,1.043,1.102,-2.1,15.52,8,-8.4,10,953,826.0,-4.15,0,0
PRJ-009,Industrial,North,2,8.3,6395725,492279.0,1.083,1.085,7.2,15.52,8,-8.4,10,1647,1511.0,-7.64,0,0
PRJ-009,Industrial,North,3,12.5,6395725,796854.0,1.003,1.075,10.4,15.52,8,-8.4,10,1632,1640.0,-0.33,0,0
PRJ-009,Industrial,North,4,16.7,6395725,1033529.0,1.031,1.106,13.5,15.52,8,-8.4,10,1220,1027.0,-3.04,0,0
PRJ-009,Industrial,North,5,20.8,6395725,1264731.0,1.054,1.117,14.1,15.52,8,-8.4,10,1255,1086.0,-5.08,0,0
PRJ-009,Industrial,North,6,25.0,6395725,1514657.0,1.056,1.067,18.7,15.52,8,-8.4,10,2476,2320.0,-5.27,0,0
PRJ-009,Industrial,North,7,29.2,6395725,1778827.0,1.049,0.99,33.7,15.52,8,-8.4,10,1779,1790.0,-4.64,0,0
PRJ-009,Industrial,North,8,33.3,6395725,2116094.0,1.007,1.094,25.8,15.52,8,-8.4,10,1484,1387.0,-0.74,0,0
PRJ-009,Industrial,North,9,37.5,6395725,2453186.0,0.978,1.105,29.8,15.52,8,-8.4,10,913,849.0,2.28,0,0
PRJ-009,Industrial,North,10,41.7,6395725,2556998.0,1.042,1.07,36.4,15.52,8,-8.4,10,1532,1561.0,-4.05,0,0
PRJ-009,Industrial,North,11,45.8,6395725,2919501.0,1.004,0.992,49.6,15.52,8,-8.4,10,1387,1342.0,-0.41,0,0
PRJ-009,Industrial,North,12,50.0,6395725,3057143.0,1.046,1.067,46.1,15.52,8,-8.4,10,1126,1038.0,-4.4,0,0
PRJ-009,Industrial,North,13,54.2,6395725,3306310.0,1.048,1.057,52.4,15.52,8,-8.4,10,883,772.0,-4.56,0,0
PRJ-009,Industrial,North,14,58.3,6395725,3687488.0,1.012,0.993,59.4,15.52,8,-8.4,10,1970,1942.0,-1.16,0,0
PRJ-009,Industrial,North,15,62.5,6395725,3949451.0,1.012,0.982,66.2,15.52,8,-8.4,10,1070,1084.0,-1.2,0,0
PRJ-009,Industrial,North,16,66.7,6395725,4107867.0,1.038,0.997,69.2,15.52,8,-8.4,10,1827,1670.0,-3.66,0,0
PRJ-009,Industrial,North,17,70.8,6395725,4467990.0,1.014,0.995,70.9,15.52,8,-8.4,10,1053,1146.0,-1.38,0,0
PRJ-009,Industrial,North,18,75.0,6395725,4462953.0,1.075,0.984,76.1,15.52,8,-8.4,10,2149,2105.0,-6.96,0,0
PRJ-009,Industrial,North,19,79.2,6395725,5228031.0,0.968,0.966,79.4,15.52,8,-8.4,10,1141,1220.0,3.25,0,0
PRJ-009,Industrial,North,20,83.3,6395725,5539540.0,0.962,1.01,83.8,15.52,8,-8.4,10,2166,2237.0,3.94,0,0
PRJ-009,Industrial,North,21,87.5,6395725,5590116.0,1.001,0.966,90.7,15.52,8,-8.4,10,1005,1022.0,-0.11,0,0
PRJ-009,Industrial,North,22,91.7,6395725,6064701.0,0.967,0.998,90.3,15.52,8,-8.4,10,1109,1208.0,3.44,0,0
PRJ-009,Industrial,North,23,95.8,6395725,6019675.0,1.018,0.973,95.6,15.52,8,-8.4,10,2025,1905.0,-1.79,0,0
PRJ-009,Industrial,North,24,100.0,6395725,6458759.0,0.99,0.954,100.0,15.52,8,-8.4,10,1584,1535.0,0.99,0,0
PRJ-010,Commercial,East,1,1.8,5622964,93451.0,1.074,1.121,-7.3,2.56,12,7.9,12,2138,1869.0,-6.93,0,1
PRJ-010,Commercial,East,2,3.6,5622964,176225.0,1.14,1.119,2.2,2.56,12,7.9,12,992,982.0,-12.25,0,1
PRJ-010,Commercial,East,3,5.4,5622964,279566.0,1.077,1.056,3.4,2.56,12,7.9,12,1912,1782.0,-7.19,0,1
PRJ-010,Commercial,East,4,7.1,5622964,375938.0,1.068,1.084,4.3,2.56,12,7.9,12,1682,1518.0,-6.4,0,1
PRJ-010,Commercial,East,5,8.9,5622964,474040.0,1.059,1.106,4.5,2.56,12,7.9,12,2449,2192.0,-5.58,0,1
PRJ-010,Commercial,East,6,10.7,5622964,555540.0,1.084,1.082,4.6,2.56,12,7.9,12,2106,1830.0,-7.79,0,1
PRJ-010,Commercial,East,7,12.5,5622964,637540.0,1.102,1.093,9.9,2.56,12,7.9,12,1892,1713.0,-9.29,0,1
PRJ-010,Commercial,East,8,14.3,5622964,753599.0,1.066,1.042,10.0,2.56,12,7.9,12,2273,2322.0,-6.18,0,1
PRJ-010,Commercial,East,9,16.1,5622964,847164.0,1.067,1.051,12.4,2.56,12,7.9,12,1014,982.0,-6.26,0,1
PRJ-010,Commercial,East,10,17.9,5622964,890757.0,1.127,1.07,13.8,2.56,12,7.9,12,1137,1033.0,-11.29,0,1
PRJ-010,Commercial,East,11,19.6,5622964,1022097.0,1.081,1.072,16.8,2.56,12,7.9,12,1480,1383.0,-7.46,0,1
PRJ-010,Commercial,East,12,21.4,5622964,1087499.0,1.108,1.107,12.4,2.56,12,7.9,12,2027,1737.0,-9.75,0,1
PRJ-010,Commercial,East,13,23.2,5622964,1201636.0,1.086,1.051,24.1,2.56,12,7.9,12,2337,2238.0,-7.94,0,1
PRJ-010,Commercial,East,14,25.0,5622964,1267170.0,1.109,1.029,23.7,2.56,12,7.9,12,2118,2101.0,-9.86,0,1
PRJ-010,Commercial,East,15,26.8,5622964,1398184.0,1.077,1.041,23.9,2.56,12,7.9,12,2306,2430.0,-7.17,0,1
PRJ-010,Commercial,East,16,28.6,5622964,1542474.0,1.042,1.084,26.0,2.56,12,7.9,12,1280,1108.0,-3.99,0,1
PRJ-010,Commercial,East,17,30.4,5622964,1543309.0,1.106,1.107,21.7,2.56,12,7.9,12,1057,963.0,-9.59,0,1
PRJ-010,Commercial,East,18,32.1,5622964,1683286.0,1.074,1.059,32.5,2.56,12,7.9,12,824,808.0,-6.87,0,1
PRJ-010,Commercial,East,19,33.9,5622964,1759553.0,1.084,1.031,33.6,2.56,12,7.9,12,1960,1885.0,-7.77,0,1
PRJ-010,Commercial,East,20,35.7,5622964,1830689.0,1.097,1.04,36.0,2.56,12,7.9,12,1417,1339.0,-8.84,0,1
PRJ-010,Commercial,East,21,37.5,5622964,1999294.0,1.055,1.058,34.5,2.56,12,7.9,12,853,896.0,-5.18,0,1
PRJ-010,Commercial,East,22,39.3,5622964,2005870.0,1.101,1.023,38.6,2.56,12,7.9,12,1178,1169.0,-9.2,0,1
PRJ-010,Commercial,East,23,41.1,5622964,2040600.0,1.132,1.07,35.0,2.56,12,7.9,12,1011,980.0,-11.64,0,1
PRJ-010,Commercial,East,24,42.9,5622964,2197387.0,1.097,0.991,41.4,2.56,12,7.9,12,2137,1957.0,-8.82,0,1
PRJ-010,Commercial,East,25,44.6,5622964,2227857.0,1.127,1.069,38.2,2.56,12,7.9,12,2161,1899.0,-11.25,0,1
PRJ-010,Commercial,East,26,46.4,5622964,2387010.0,1.094,1.03,45.1,2.56,12,7.9,12,1186,1195.0,-8.57,0,1
PRJ-010,Commercial,East,27,48.2,5622964,2418371.0,1.121,1.032,46.9,2.56,12,7.9,12,1490,1571.0,-10.8,0,1
PRJ-010,Commercial,East,28,50.0,5622964,2636101.0,1.067,1.051,48.6,2.56,12,7.9,12,1094,1008.0,-6.24,0,1
PRJ-010,Commercial,East,29,51.8,5622964,2761197.0,1.055,0.962,54.3,2.56,12,7.9,12,1367,1471.0,-5.18,0,1
PRJ-010,Commercial,East,30,53.6,5622964,2827495.0,1.065,1.04,52.2,2.56,12,7.9,12,1541,1551.0,-6.14,0,1
PRJ-010,Commercial,East,31,55.4,5622964,3024022.0,1.029,0.933,59.8,2.56,12,7.9,12,891,963.0,-2.85,0,1
PRJ-010,Commercial,East,32,57.1,5622964,2981499.0,1.078,0.909,62.6,2.56,12,7.9,12,2028,2367.0,-7.21,0,1
PRJ-010,Commercial,East,33,58.9,5622964,3073250.0,1.078,0.928,62.5,2.56,12,7.9,12,1787,1863.0,-7.25,0,1
PRJ-010,Commercial,East,34,60.7,5622964,3147065.0,1.085,0.97,65.7,2.56,12,7.9,12,2208,2163.0,-7.82,0,1
PRJ-010,Commercial,East,35,62.5,5622964,3133090.0,1.122,0.98,65.1,2.56,12,7.9,12,2418,2534.0,-10.85,0,1
PRJ-010,Commercial,East,36,64.3,5622964,3387988.0,1.067,0.955,64.4,2.56,12,7.9,12,1111,1118.0,-6.27,0,1
PRJ-010,Commercial,East,37,66.1,5622964,3613969.0,1.028,0.979,66.6,2.56,12,7.9,12,952,979.0,-2.72,0,1
PRJ-010,Commercial,East,38,67.9,5622964,3593756.0,1.062,0.982,69.9,2.56,12,7.9,12,1421,1491.0,-5.81,0,1
PRJ-010,Commercial,East,39,69.6,5622964,3629610.0,1.079,0.894,74.5,2.56,12,7.9,12,1810,1948.0,-7.31,0,1
PRJ-010,Commercial,East,40,71.4,5622964,3782276.0,1.062,0.987,75.0,2.56,12,7.9,12,886,902.0,-5.83,0,1
PRJ-010,Commercial,East,41,73.2,5622964,3807621.0,1.081,0.957,74.6,2.56,12,7.9,12,1525,1716.0,-7.51,0,1
PRJ-010,Commercial,East,42,75.0,5622964,3960730.0,1.065,0.892,83.6,2.56,12,7.9,12,2195,2390.0,-6.08,0,1
PRJ-010,Commercial,East,43,76.8,5622964,4061469.0,1.063,0.934,82.0,2.56,12,7.9,12,1841,2055.0,-5.93,0,1
PRJ-010,Commercial,East,44,78.6,5622964,4065791.0,1.087,0.884,82.4,2.56,12,7.9,12,1215,1267.0,-7.97,0,1
PRJ-010,Commercial,East,45,80.4,5622964,4235536.0,1.067,0.947,81.4,2.56,12,7.9,12,1731,1802.0,-6.26,0,1
PRJ-010,Commercial,East,46,82.1,5622964,4327216.0,1.067,0.92,84.3,2.56,12,7.9,12,2382,2528.0,-6.31,0,1
PRJ-010,Commercial,East,47,83.9,5622964,4566161.0,1.034,0.909,90.5,2.56,12,7.9,12,1998,2407.0,-3.24,0,1
PRJ-010,Commercial,East,48,85.7,5622964,4418611.0,1.091,0.933,87.4,2.56,12,7.9,12,1801,2086.0,-8.32,0,1
PRJ-010,Commercial,East,49,87.5,5622964,4578928.0,1.075,0.878,95.6,2.56,12,7.9,12,1729,1947.0,-6.93,0,1
PRJ-010,Commercial,East,50,89.3,5622964,4678743.0,1.073,0.971,90.5,2.56,12,7.9,12,1655,1764.0,-6.81,0,1
PRJ-010,Commercial,East,51,91.1,5622964,4903898.0,1.044,0.928,96.4,2.56,12,7.9,12,1830,1950.0,-4.24,0,1
PRJ-010,Commercial,East,52,92.9,5622964,4789921.0,1.09,0.945,96.5,2.56,12,7.9,12,2210,2435.0,-8.26,0,1
PRJ-010,Commercial,East,53,94.6,5622964,4690318.0,1.135,0.929,96.0,2.56,12,7.9,12,824,922.0,-11.86,0,1
PRJ-010,Commercial,East,54,96.4,5622964,4924559.0,1.101,0.928,99.6,2.56,12,7.9,12,2421,2805.0,-9.18,0,1
PRJ-010,Commercial,East,55,98.2,5622964,5152586.0,1.072,0.928,100.0,2.56,12,7.9,12,1517,1587.0,-6.7,0,1
PRJ-010,Commercial,East,56,100.0,5622964,5051327.0,1.113,0.889,100.0,2.56,12,7.9,12,938,937.0,-10.17,0,1
PRJ-011,Commercial,South,1,1.3,5255997,70311.0,0.984,0.8,8.4,20.09,4,5.0,7,858,1035.0,1.67,0,1
PRJ-011,Commercial,South,2,2.6,5255997,132118.0,1.047,0.823,11.2,20.09,4,5.0,7,2302,2873.0,-4.48,0,1
PRJ-011,Commercial,South,3,3.9,5255997,214330.0,0.968,0.829,12.5,20.09,4,5.0,7,1947,2358.0,3.3,0,1
PRJ-011,Commercial,South,4,5.3,5255997,281212.0,0.984,0.877,7.0,20.09,4,5.0,7,2191,2580.0,1.66,0,1
PRJ-011,Commercial,South,5,6.6,5255997,339426.0,1.019,0.799,16.8,20.09,4,5.0,7,1284,1650.0,-1.84,0,1
PRJ-011,Commercial,South,6,7.9,5255997,427152.0,0.971,0.879,11.7,20.09,4,5.0,7,1694,1952.0,2.94,0,1
PRJ-011,Commercial,South,7,9.2,5255997,478456.0,1.012,0.837,18.0,20.09,4,5.0,7,1698,2154.0,-1.17,0,1
PRJ-011,Commercial,South,8,10.5,5255997,561053.0,0.986,0.834,21.1,20.09,4,5.0,7,2397,2863.0,1.41,0,1
PRJ-011,Commercial,South,9,11.8,5255997,648840.0,0.959,0.799,23.7,20.09,4,5.0,7,2343,2785.0,4.24,0,1
PRJ-011,Commercial,South,10,13.2,5255997,687910.0,1.005,0.859,20.8,20.09,4,5.0,7,1533,1786.0,-0.53,0,1
PRJ-011,Commercial,South,11,14.5,5255997,745272.0,1.021,0.8,27.5,20.09,4,5.0,7,1657,2119.0,-2.03,0,1
PRJ-011,Commercial,South,12,15.8,5255997,837598.0,0.991,0.872,17.8,20.09,4,5.0,7,1304,1501.0,0.93,0,1
PRJ-011,Commercial,South,13,17.1,5255997,908149.0,0.99,0.782,30.2,20.09,4,5.0,7,1484,1887.0,1.01,0,1
PRJ-011,Commercial,South,14,18.4,5255997,940721.0,1.029,0.851,23.3,20.09,4,5.0,7,1702,2073.0,-2.84,0,1
PRJ-011,Commercial,South,15,19.7,5255997,1089126.0,0.952,0.839,29.0,20.09,4,5.0,7,1686,1929.0,4.99,0,1
PRJ-011,Commercial,South,16,21.1,5255997,1072799.0,1.031,0.808,30.5,20.09,4,5.0,7,1374,1663.0,-3.05,0,1
PRJ-011,Commercial,South,17,22.4,5255997,1250158.0,0.94,0.85,30.6,20.09,4,5.0,7,1701,1886.0,6.33,1,1
PRJ-011,Commercial,South,18,23.7,5255997,1274663.0,0.977,0.871,30.3,20.09,4,5.0,7,1254,1410.0,2.4,0,1
PRJ-011,Commercial,South,19,25.0,5255997,1308031.0,1.005,0.797,35.4,20.09,4,5.0,7,1487,2048.0,-0.45,0,1
PRJ-011,Commercial,South,20,26.3,5255997,1457677.0,0.949,0.785,34.7,20.09,4,5.0,7,1602,2038.0,5.39,1,1
PRJ-011,Commercial,South,21,27.6,5255997,1483355.0,0.979,0.826,39.2,20.09,4,5.0,7,1307,1503.0,2.14,0,1
PRJ-011,Commercial,South,22,28.9,5255997,1517212.0,1.003,0.855,37.4,20.09,4,5.0,7,1006,1166.0,-0.28,0,1
PRJ-011,Commercial,South,23,30.3,5255997,1621208.0,0.981,0.81,41.1,20.09,4,5.0,7,1948,2563.0,1.92,0,1
PRJ-011,Commercial,South,24,31.6,5255997,1607418.0,1.033,0.866,37.3,20.09,4,5.0,7,1738,2150.0,-3.16,0,1
PRJ-011,Commercial,South,25,32.9,5255997,1670322.0,1.035,0.803,44.7,20.09,4,5.0,7,1793,2267.0,-3.39,0,1
PRJ-011,Commercial,South,26,34.2,5255997,1965524.0,0.915,0.83,44.5,20.09,4,5.0,7,1837,2208.0,9.31,1,1
PRJ-011,Commercial,South,27,35.5,5255997,1950810.0,0.957,0.846,45.6,20.09,4,5.0,7,1687,2161.0,4.47,0,1
PRJ-011,Commercial,South,28,36.8,5255997,1984405.0,0.976,0.839,47.6,20.09,4,5.0,7,1257,1599.0,2.48,0,1
PRJ-011,Commercial,South,29,38.2,5255997,2035500.0,0.985,0.797,50.9,20.09,4,5.0,7,1415,1747.0,1.49,0,1
PRJ-011,Commercial,South,30,39.5,5255997,2017848.0,1.028,0.835,48.7,20.09,4,5.0,7,1453,1752.0,-2.74,0,1
PRJ-011,Commercial,South,31,40.8,5255997,2232025.0,0.961,0.746,49.4,20.09,4,5.0,7,1331,1787.0,4.11,0,1
PRJ-011,Commercial,South,32,42.1,5255997,2239425.0,0.988,0.729,55.1,20.09,4,5.0,7,1772,2536.0,1.19,0,1
PRJ-011,Commercial,South,33,43.4,5255997,2330176.0,0.979,0.784,54.7,20.09,4,5.0,7,2410,2864.0,2.1,0,1
PRJ-011,Commercial,South,34,44.7,5255997,2344915.0,1.003,0.778,55.5,20.09,4,5.0,7,1439,1749.0,-0.27,0,1
PRJ-011,Commercial,South,35,46.1,5255997,2451414.0,0.987,0.827,58.0,20.09,4,5.0,7,1775,2203.0,1.28,0,1
PRJ-011,Commercial,South,36,47.4,5255997,2639836.0,0.943,0.827,54.7,20.09,4,5.0,7,1730,2039.0,6.03,1,1
PRJ-011,Commercial,South,37,48.7,5255997,2701773.0,0.947,0.825,60.6,20.09,4,5.0,7,1624,2064.0,5.59,1,1
PRJ-011,Commercial,South,38,50.0,5255997,2733137.0,0.962,0.793,59.4,20.09,4,5.0,7,2132,2667.0,4.0,0,1
PRJ-011,Commercial,South,39,51.3,5255997,2864194.0,0.942,0.792,58.6,20.09,4,5.0,7,2181,2888.0,6.19,1,1
PRJ-011,Commercial,South,40,52.6,5255997,3119086.0,0.887,0.784,62.5,20.09,4,5.0,7,991,1214.0,12.75,1,1
PRJ-011,Commercial,South,41,53.9,5255997,3019261.0,0.939,0.784,63.6,20.09,4,5.0,7,1872,2262.0,6.48,1,1
PRJ-011,Commercial,South,42,55.3,5255997,3120531.0,0.931,0.8,65.8,20.09,4,5.0,7,965,1205.0,7.43,1,1
PRJ-011,Commercial,South,43,56.6,5255997,3182578.0,0.934,0.81,62.5,20.09,4,5.0,7,895,1101.0,7.02,1,1
PRJ-011,Commercial,South,44,57.9,5255997,3299410.0,0.922,0.771,71.4,20.09,4,5.0,7,2178,2808.0,8.43,1,1
PRJ-011,Commercial,South,45,59.2,5255997,3147323.0,0.989,0.79,70.1,20.09,4,5.0,7,2262,2851.0,1.13,0,1
PRJ-011,Commercial,South,46,60.5,5255997,3392946.0,0.938,0.842,67.8,20.09,4,5.0,7,1487,1782.0,6.65,1,1
PRJ-011,Commercial,South,47,61.8,5255997,3399138.0,0.956,0.756,75.2,20.09,4,5.0,7,1630,2169.0,4.58,0,1
PRJ-011,Commercial,South,48,63.2,5255997,3594988.0,0.923,0.788,73.0,20.09,4,5.0,7,1644,2081.0,8.3,1,1
PRJ-011,Commercial,South,49,64.5,5255997,3373123.0,1.005,0.824,73.1,20.09,4,5.0,7,2150,2631.0,-0.46,0,1
PRJ-011,Commercial,South,50,65.8,5255997,3660777.0,0.945,0.797,74.5,20.09,4,5.0,7,986,1213.0,5.87,1,1
PRJ-011,Commercial,South,51,67.1,5255997,3667368.0,0.962,0.792,75.0,20.09,4,5.0,7,1816,2391.0,3.98,0,1
PRJ-011,Commercial,South,52,68.4,5255997,3779585.0,0.951,0.795,78.5,20.09,4,5.0,7,1895,2522.0,5.1,1,1
PRJ-011,Commercial,South,53,69.7,5255997,4009184.0,0.914,0.789,78.1,20.09,4,5.0,7,1019,1303.0,9.38,1,1
PRJ-011,Commercial,South,54,71.1,5255997,3966037.0,0.942,0.704,85.3,20.09,4,5.0,7,1519,2186.0,6.2,1,1
PRJ-011,Commercial,South,55,72.4,5255997,4040297.0,0.941,0.782,84.1,20.09,4,5.0,7,984,1223.0,6.22,1,1
PRJ-011,Commercial,South,56,73.7,5255997,3992098.0,0.97,0.817,81.1,20.09,4,5.0,7,1148,1375.0,3.08,0,1
PRJ-011,Commercial,South,57,75.0,5255997,4108117.0,0.96,0.745,89.1,20.09,4,5.0,7,1565,2294.0,4.21,0,1
PRJ-011,Commercial,South,58,76.3,5255997,3963573.0,1.012,0.822,86.3,20.09,4,5.0,7,2380,2930.0,-1.19,0,1
PRJ-011,Commercial,South,59,77.6,5255997,4276212.0,0.954,0.817,88.2,20.09,4,5.0,7,1731,1939.0,4.8,0,1
PRJ-011,Commercial,South,60,78.9,5255997,4489135.0,0.924,0.774,88.4,20.09,4,5.0,7,908,1179.0,8.19,1,1
PRJ-011,Commercial,South,61,80.3,5255997,4403310.0,0.958,0.796,92.4,20.09,4,5.0,7,1686,1885.0,4.38,0,1
PRJ-011,Commercial,South,62,81.6,5255997,4636606.0,0.925,0.757,96.5,20.09,4,5.0,7,1917,2725.0,8.14,1,1
PRJ-011,Commercial,South,63,82.9,5255997,4683678.0,0.93,0.735,97.4,20.09,4,5.0,7,942,1282.0,7.5,1,1
PRJ-011,Commercial,South,64,84.2,5255997,4590213.0,0.964,0.751,96.6,20.09,4,5.0,7,1725,2116.0,3.71,0,1
PRJ-011,Commercial,South,65,85.5,5255997,4548342.0,0.988,0.761,98.0,20.09,4,5.0,7,1538,1961.0,1.18,0,1
PRJ-011,Commercial,South,66,86.8,5255997,4772844.0,0.956,0.756,94.9,20.09,4,5.0,7,2060,2751.0,4.57,0,1
PRJ-011,Commercial,South,67,88.2,5255997,5104918.0,0.908,0.743,99.9,20.09,4,5.0,7,2144,2750.0,10.17,1,1
PRJ-011,Commercial,South,68,89.5,5255997,4964373.0,0.947,0.77,99.7,20.09,4,5.0,7,1662,2099.0,5.56,1,1
PRJ-011,Commercial,South,69,90.8,5255997,4996238.0,0.955,0.786,100.0,20.09,4,5.0,7,2230,2814.0,4.7,0,1
PRJ-011,Commercial,South,70,92.1,5255997,5094281.0,0.95,0.798,100.0,20.09,4,5.0,7,1298,1726.0,5.23,1,1
PRJ-011,Commercial,South,71,93.4,5255997,5255043.0,0.934,0.743,100.0,20.09,4,5.0,7,1616,2077.0,7.02,1,1
PRJ-011,Commercial,South,72,94.7,5255997,5538215.0,0.899,0.766,100.0,20.09,4,5.0,7,1072,1341.0,11.22,1,1
PRJ-011,Commercial,South,73,96.1,5255997,5345110.0,0.945,0.788,100.0,20.09,4,5.0,7,1092,1404.0,5.87,1,1
PRJ-011,Commercial,South,74,97.4,5255997,5426590.0,0.943,0.732,100.0,20.09,4,5.0,7,857,1255.0,6.04,1,1
PRJ-011,Commercial,South,75,98.7,5255997,5690481.0,0.911,0.698,100.0,20.09,4,5.0,7,1499,2104.0,9.71,1,1
PRJ-011,Commercial,South,76,100.0,5255997,5725038.0,0.918,0.709,100.0,20.09,4,5.0,7,1009,1424.0,8.92,1,1
PRJ-012,Industrial,West,1,2.9,6927095,240072.0,0.824,1.1,-2.5,11.32,3,2.3,5,904,889.0,21.3,1,0
PRJ-012,Industrial,West,2,5.7,6927095,487894.0,0.811,1.177,-1.3,11.32,3,2.3,5,1651,1383.0,23.26,1,0
PRJ-012,Industrial,West,3,8.6,6927095,729140.0,0.814,1.153,-0.3,11.32,3,2.3,5,2069,1761.0,22.8,1,0
PRJ-012,Industrial,West,4,11.4,6927095,962956.0,0.822,1.106,4.4,11.32,3,2.3,5,2256,1826.0,21.64,1,0
PRJ-012,Industrial,West,5,14.3,6927095,1201809.0,0.823,1.132,5.6,11.32,3,2.3,5,1966,1733.0,21.45,1,0
PRJ-012,Industrial,West,6,17.1,6927095,1384234.0,0.858,1.159,5.6,11.32,3,2.3,5,869,810.0,16.57,1,0
PRJ-012,Industrial,West,7,20.0,6927095,1679315.0,0.825,1.138,14.8,11.32,3,2.3,5,1329,1251.0,21.21,1,0
PRJ-012,Industrial,West,8,22.9,6927095,1781214.0,0.889,1.121,19.6,11.32,3,2.3,5,2003,1582.0,12.5,1,0
PRJ-012,Industrial,West,9,25.7,6927095,2153766.0,0.827,1.115,17.7,11.32,3,2.3,5,855,870.0,20.91,1,0
PRJ-012,Industrial,West,10,28.6,6927095,2371222.0,0.835,1.086,24.9,11.32,3,2.3,5,2337,2126.0,19.81,1,0
PRJ-012,Industrial,West,11,31.4,6927095,2589196.0,0.841,1.172,19.4,11.32,3,2.3,5,2268,2002.0,18.93,1,0
PRJ-012,Industrial,West,12,34.3,6927095,2921101.0,0.813,1.062,29.8,11.32,3,2.3,5,1473,1443.0,22.99,1,0
PRJ-012,Industrial,West,13,37.1,6927095,3164183.0,0.813,1.162,30.1,11.32,3,2.3,5,1560,1238.0,22.98,1,0
PRJ-012,Industrial,West,14,40.0,6927095,3606513.0,0.768,1.135,34.1,11.32,3,2.3,5,1477,1333.0,30.16,1,0
PRJ-012,Industrial,West,15,42.9,6927095,3588985.0,0.827,1.108,35.1,11.32,3,2.3,5,965,880.0,20.89,1,0
PRJ-012,Industrial,West,16,45.7,6927095,4080312.0,0.776,1.016,44.0,11.32,3,2.3,5,2062,2087.0,28.85,1,0
PRJ-012,Industrial,West,17,48.6,6927095,4067175.0,0.827,1.066,46.7,11.32,3,2.3,5,1214,1181.0,20.88,1,0
PRJ-012,Industrial,West,18,51.4,6927095,4284941.0,0.831,1.092,47.5,11.32,3,2.3,5,825,836.0,20.28,1,0
PRJ-012,Industrial,West,19,54.3,6927095,4628148.0,0.813,1.108,50.4,11.32,3,2.3,5,1553,1306.0,23.08,1,0
PRJ-012,Industrial,West,20,57.1,6927095,4837505.0,0.818,1.107,51.1,11.32,3,2.3,5,1183,1079.0,22.21,1,0
PRJ-012,Industrial,West,21,60.0,6927095,5084262.0,0.817,1.044,59.9,11.32,3,2.3,5,2435,2497.0,22.33,1,0
PRJ-012,Industrial,West,22,62.9,6927095,5270203.0,0.826,1.095,57.9,11.32,3,2.3,5,1180,1060.0,21.04,1,0
PRJ-012,Industrial,West,23,65.7,6927095,5900621.0,0.771,1.067,61.8,11.32,3,2.3,5,1964,1763.0,29.62,1,0
PRJ-012,Industrial,West,24,68.6,6927095,5389684.0,0.881,1.146,59.5,11.32,3,2.3,5,1607,1346.0,13.47,1,0
PRJ-012,Industrial,West,25,71.4,6927095,6037398.0,0.82,1.075,67.5,11.32,3,2.3,5,2107,1904.0,22.02,1,0
PRJ-012,Industrial,West,26,74.3,6927095,5954019.0,0.864,1.088,69.3,11.32,3,2.3,5,970,861.0,15.71,1,0
PRJ-012,Industrial,West,27,77.1,6927095,6841089.0,0.781,1.048,70.2,11.32,3,2.3,5,1948,1794.0,28.02,1,0
PRJ-012,Industrial,West,28,80.0,6927095,7215149.0,0.768,1.131,73.8,11.32,3,2.3,5,2020,1951.0,30.2,1,0
PRJ-012,Industrial,West,29,82.9,6927095,7263591.0,0.79,1.119,78.8,11.32,3,2.3,5,1462,1297.0,26.55,1,0
PRJ-012,Industrial,West,30,85.7,6927095,7347404.0,0.808,1.114,79.5,11.32,3,2.3,5,1827,1746.0,23.75,1,0
PRJ-012,Industrial,West,31,88.6,6927095,7646877.0,0.802,1.122,79.3,11.32,3,2.3,5,1407,1225.0,24.63,1,0
PRJ-012,Industrial,West,32,91.4,6927095,7761942.0,0.816,1.065,88.9,11.32,3,2.3,5,1246,1155.0,22.56,1,0
PRJ-012,Industrial,West,33,94.3,6927095,7730206.0,0.845,1.051,94.4,11.32,3,2.3,5,1253,1119.0,18.36,1,0
PRJ-012,Industrial,West,34,97.1,6927095,8782273.0,0.766,1.065,96.9,11.32,3,2.3,5,1772,1534.0,30.51,1,0
PRJ-012,Industrial,West,35,100.0,6927095,8182550.0,0.847,1.1,93.5,11.32,3,2.3,5,2056,1906.0,18.12,1,0
PRJ-013,Commercial,East,1,2.6,5821417,141014.0,1.086,1.089,-1.3,22.18,6,6.5,6,2271,1975.0,-7.95,0,0
PRJ-013,Commercial,East,2,5.3,5821417,286224.0,1.07,1.077,-1.4,22.18,6,6.5,6,2353,2235.0,-6.58,0,0
PRJ-013,Commercial,East,3,7.9,5821417,411376.0,1.117,1.053,3.6,22.18,6,6.5,6,1097,947.0,-10.49,0,0
PRJ-013,Commercial,East,4,10.5,5821417,537740.0,1.14,1.084,7.2,22.18,6,6.5,6,1626,1697.0,-12.25,0,0
PRJ-013,Commercial,East,5,13.2,5821417,677031.0,1.131,1.063,10.8,22.18,6,6.5,6,1374,1286.0,-11.61,0,0
PRJ-013,Commercial,East,6,15.8,5821417,857478.0,1.072,1.089,12.3,22.18,6,6.5,6,1052,906.0,-6.71,0,0
PRJ-013,Commercial,East,7,18.4,5821417,1009806.0,1.062,1.03,18.6,22.18,6,6.5,6,2486,2498.0,-5.83,0,0
PRJ-013,Commercial,East,8,21.1,5821417,1153891.0,1.062,1.07,16.2,22.18,6,6.5,6,2116,1965.0,-5.85,0,0
PRJ-013,Commercial,East,9,23.7,5821417,1213627.0,1.136,1.082,23.3,22.18,6,6.5,6,1260,1248.0,-11.98,0,0
PRJ-013,Commercial,East,10,26.3,5821417,1405346.0,1.09,1.046,24.9,22.18,6,6.5,6,2483,2271.0,-8.26,0,0
PRJ-013,Commercial,East,11,28.9,5821417,1509190.0,1.117,1.031,26.9,22.18,6,6.5,6,1969,2064.0,-10.44,0,0
PRJ-013,Commercial,East,12,31.6,5821417,1750403.0,1.05,1.073,25.6,22.18,6,6.5,6,1020,884.0,-4.78,0,0
PRJ-013,Commercial,East,13,34.2,5821417,1921098.0,1.037,1.032,31.9,22.18,6,6.5,6,1810,1621.0,-3.54,0,0
PRJ-013,Commercial,East,14,36.8,5821417,2030394.0,1.056,1.08,33.8,22.18,6,6.5,6,1832,1608.0,-5.33,0,0
PRJ-013,Commercial,East,15,39.5,5821417,2142932.0,1.072,1.052,36.1,22.18,6,6.5,6,2410,2460.0,-6.75,0,0
PRJ-013,Commercial,East,16,42.1,5821417,2374115.0,1.032,1.034,40.0,22.18,6,6.5,6,1448,1466.0,-3.14,0,0
PRJ-013,Commercial,East,17,44.7,5821417,2326862.0,1.119,1.029,44.7,22.18,6,6.5,6,2004,1910.0,-10.65,0,0
PRJ-013,Commercial,East,18,47.4,5821417,2491090.0,1.107,1.102,40.4,22.18,6,6.5,6,943,850.0,-9.66,0,0
PRJ-013,Commercial,East,19,50.0,5821417,2743914.0,1.061,0.985,49.7,22.18,6,6.5,6,1706,1857.0,-5.73,0,0
PRJ-013,Commercial,East,20,52.6,5821417,2873637.0,1.066,1.052,48.6,22.18,6,6.5,6,2209,2131.0,-6.21,0,0
PRJ-013,Commercial,East,21,55.3,5821417,2847196.0,1.13,1.025,53.4,22.18,6,6.5,6,1617,1650.0,-11.5,0,0
PRJ-013,Commercial,East,22,57.9,5821417,3160986.0,1.066,1.061,52.5,22.18,6,6.5,6,1680,1498.0,-6.21,0,0
PRJ-013,Commercial,East,23,60.5,5821417,3387887.0,1.04,1.022,58.7,22.18,6,6.5,6,1097,1107.0,-3.85,0,0
PRJ-013,Commercial,East,24,63.2,5821417,3645616.0,1.009,0.995,64.8,22.18,6,6.5,6,1220,1155.0,-0.85,0,0
PRJ-013,Commercial,East,25,65.8,5821417,3599685.0,1.064,1.028,63.0,22.18,6,6.5,6,2106,1960.0,-6.01,0,0
PRJ-013,Commercial,East,26,68.4,5821417,3685201.0,1.081,1.037,66.5,22.18,6,6.5,6,2247,2302.0,-7.48,0,0
PRJ-013,Commercial,East,27,71.1,5821417,3919325.0,1.055,1.008,73.1,22.18,6,6.5,6,1377,1465.0,-5.24,0,0
PRJ-013,Commercial,East,28,73.7,5821417,4410854.0,0.972,0.991,72.4,22.18,6,6.5,6,2494,2465.0,2.83,0,0
PRJ-013,Commercial,East,29,76.3,5821417,4136292.0,1.074,1.015,78.1,22.18,6,6.5,6,2163,2132.0,-6.9,0,0
PRJ-013,Commercial,East,30,78.9,5821417,4103240.0,1.12,0.951,83.5,22.18,6,6.5,6,1951,2138.0,-10.72,0,0
PRJ-013,Commercial,East,31,81.6,5821417,4511198.0,1.053,1.024,79.4,22.18,6,6.5,6,947,920.0,-5.01,0,0
PRJ-013,Commercial,East,32,84.2,5821417,4727737.0,1.037,1.014,81.2,22.18,6,6.5,6,1927,1885.0,-3.56,0,0
PRJ-013,Commercial,East,33,86.8,5821417,5078589.0,0.995,0.994,86.7,22.18,6,6.5,6,2160,2245.0,0.46,0,0
PRJ-013,Commercial,East,34,89.5,5821417,4809889.0,1.083,0.962,90.6,22.18,6,6.5,6,2379,2465.0,-7.66,0,0
PRJ-013,Commercial,East,35,92.1,5821417,5124918.0,1.046,0.925,95.9,22.18,6,6.5,6,1171,1188.0,-4.42,0,0
PRJ-013,Commercial,East,36,94.7,5821417,5264073.0,1.048,1.001,94.0,22.18,6,6.5,6,2068,1972.0,-4.55,0,0
PRJ-013,Commercial,East,37,97.4,5821417,5355844.0,1.058,1.014,97.0,22.18,6,6.5,6,1050,1106.0,-5.51,0,0
PRJ-013,Commercial,East,38,100.0,5821417,5695408.0,1.022,1.022,96.7,22.18,6,6.5,6,1636,1487.0,-2.16,0,0
PRJ-014,Infrastructure,North,1,1.6,2498547,32015.0,1.239,1.127,-4.8,2.42,8,-6.0,7,1925,1812.0,-19.27,0,0
PRJ-014,Infrastructure,North,2,3.2,2498547,65495.0,1.211,1.095,0.7,2.42,8,-6.0,7,2299,2183.0,-17.43,0,0
PRJ-014,Infrastructure,North,3,4.8,2498547,93686.0,1.27,1.067,0.7,2.42,8,-6.0,7,2023,1937.0,-21.26,0,0
PRJ-014,Infrastructure,North,4,6.3,2498547,123562.0,1.284,1.076,0.8,2.42,8,-6.0,7,1010,943.0,-22.11,0,0
PRJ-014,Infrastructure,North,5,7.9,2498547,167402.0,1.185,1.091,3.2,2.42,8,-6.0,7,2346,2130.0,-15.58,0,0
PRJ-014,Infrastructure,North,6,9.5,2498547,197171.0,1.207,1.073,3.7,2.42,8,-6.0,7,1541,1501.0,-17.14,0,0
PRJ-014,Infrastructure,North,7,11.1,2498547,235708.0,1.178,1.1,6.2,2.42,8,-6.0,7,851,791.0,-15.1,0,0
PRJ-014,Infrastructure,North,8,12.7,2498547,268297.0,1.183,1.126,5.4,2.42,8,-6.0,7,2489,2480.0,-15.44,0,0
PRJ-014,Infrastructure,North,9,14.3,2498547,301088.0,1.185,1.117,8.5,2.42,8,-6.0,7,1399,1301.0,-15.65,0,0
PRJ-014,Infrastructure,North,10,15.9,2498547,333031.0,1.191,1.106,10.8,2.42,8,-6.0,7,2303,2122.0,-16.03,0,0
PRJ-014,Infrastructure,North,11,17.5,2498547,364266.0,1.198,1.125,12.6,2.42,8,-6.0,7,2038,1797.0,-16.5,0,0
PRJ-014,Infrastructure,North,12,19.0,2498547,401148.0,1.186,1.106,10.1,2.42,8,-6.0,7,1720,1636.0,-15.71,0,0
PRJ-014,Infrastructure,North,13,20.6,2498547,429498.0,1.2,1.058,15.3,2.42,8,-6.0,7,1597,1512.0,-16.7,0,0
PRJ-014,Infrastructure,North,14,22.2,2498547,471993.0,1.176,1.07,18.5,2.42,8,-6.0,7,2040,2015.0,-14.99,0,0
PRJ-014,Infrastructure,North,15,23.8,2498547,516521.0,1.152,1.027,21.1,2.42,8,-6.0,7,1043,1118.0,-13.17,0,0
PRJ-014,Infrastructure,North,16,25.4,2498547,539466.0,1.176,0.998,28.7,2.42,8,-6.0,7,1808,1760.0,-14.98,0,0
PRJ-014,Infrastructure,North,17,27.0,2498547,560481.0,1.203,1.026,28.6,2.42,8,-6.0,7,1541,1641.0,-16.87,0,0
PRJ-014,Infrastructure,North,18,28.6,2498547,598370.0,1.193,1.082,25.5,2.42,8,-6.0,7,2339,2054.0,-16.18,0,0
PRJ-014,Infrastructure,North,19,30.2,2498547,638737.0,1.18,1.077,26.4,2.42,8,-6.0,7,1277,1142.0,-15.23,0,0
PRJ-014,Infrastructure,North,20,31.7,2498547,671228.0,1.182,1.047,28.7,2.42,8,-6.0,7,1091,1014.0,-15.38,0,0
PRJ-014,Infrastructure,North,21,33.3,2498547,705722.0,1.18,1.054,32.3,2.42,8,-6.0,7,2481,2370.0,-15.26,0,0
PRJ-014,Infrastructure,North,22,34.9,2498547,705724.0,1.236,1.055,34.9,2.42,8,-6.0,7,2374,2068.0,-19.12,0,0
PRJ-014,Infrastructure,North,23,36.5,2498547,735387.0,1.24,1.057,33.6,2.42,8,-6.0,7,907,821.0,-19.38,0,0
PRJ-014,Infrastructure,North,24,38.1,2498547,795021.0,1.197,1.065,32.9,2.42,8,-6.0,7,1052,956.0,-16.47,0,0
PRJ-014,Infrastructure,North,25,39.7,2498547,814637.0,1.217,0.966,42.7,2.42,8,-6.0,7,832,867.0,-17.84,0,0
PRJ-014,Infrastructure,North,26,41.3,2498547,848109.0,1.216,1.025,36.9,2.42,8,-6.0,7,2069,2138.0,-17.75,0,0
PRJ-014,Infrastructure,North,27,42.9,2498547,904813.0,1.183,1.025,45.6,2.42,8,-6.0,7,971,907.0,-15.5,0,0
PRJ-014,Infrastructure,North,28,44.4,2498547,919640.0,1.207,1.017,43.1,2.42,8,-6.0,7,2244,2298.0,-17.18,0,0
PRJ-014,Infrastructure,North,29,46.0,2498547,962079.0,1.195,0.991,45.2,2.42,8,-6.0,7,1921,1860.0,-16.35,0,0
PRJ-014,Infrastructure,North,30,47.6,2498547,982626.0,1.211,1.071,45.0,2.42,8,-6.0,7,1848,1828.0,-17.41,0,0
PRJ-014,Infrastructure,North,31,49.2,2498547,1029691.0,1.194,1.026,49.0,2.42,8,-6.0,7,2235,2136.0,-16.25,0,0
PRJ-014,Infrastructure,North,32,50.8,2498547,1061182.0,1.196,1.023,48.8,2.42,8,-6.0,7,2485,2427.0,-16.38,0,0
PRJ-014,Infrastructure,North,33,52.4,2498547,1084176.0,1.207,1.003,52.5,2.42,8,-6.0,7,2153,2317.0,-17.16,0,0
PRJ-014,Infrastructure,North,34,54.0,2498547,1185600.0,1.137,1.041,52.8,2.42,8,-6.0,7,828,769.0,-12.07,0,0
PRJ-014,Infrastructure,North,35,55.6,2498547,1170064.0,1.186,1.012,55.5,2.42,8,-6.0,7,1970,1700.0,-15.71,0,0
PRJ-014,Infrastructure,North,36,57.1,2498547,1197762.0,1.192,1.031,55.3,2.42,8,-6.0,7,1396,1257.0,-16.11,0,0
PRJ-014,Infrastructure,North,37,58.7,2498547,1219158.0,1.204,0.999,59.2,2.42,8,-6.0,7,808,809.0,-16.92,0,0
PRJ-014,Infrastructure,North,38,60.3,2498547,1236892.0,1.218,1.011,64.0,2.42,8,-6.0,7,800,815.0,-17.93,0,0
PRJ-014,Infrastructure,North,39,61.9,2498547,1258298.0,1.229,0.954,60.1,2.42,8,-6.0,7,1105,1050.0,-18.65,0,0
PRJ-014,Infrastructure,North,40,63.5,2498547,1323121.0,1.199,1.001,63.5,2.42,8,-6.0,7,1736,1641.0,-16.59,0,0
PRJ-014,Infrastructure,North,41,65.1,2498547,1316923.0,1.235,1.029,63.1,2.42,8,-6.0,7,2138,2024.0,-19.01,0,0
PRJ-014,Infrastructure,North,42,66.7,2498547,1426115.0,1.168,1.052,58.8,2.42,8,-6.0,7,1267,1184.0,-14.38,0,0
PRJ-014,Infrastructure,North,43,68.3,2498547,1432228.0,1.191,0.998,68.5,2.42,8,-6.0,7,2255,2315.0,-16.02,0,0
PRJ-014,Infrastructure,North,44,69.8,2498547,1453776.0,1.2,0.963,69.2,2.42,8,-6.0,7,1612,1715.0,-16.69,0,0
PRJ-014,Infrastructure,North,45,71.4,2498547,1456394.0,1.225,0.99,71.6,2.42,8,-6.0,7,2262,2245.0,-18.39,0,0
PRJ-014,Infrastructure,North,46,73.0,2498547,1500436.0,1.216,0.978,73.1,2.42,8,-6.0,7,1032,1086.0,-17.75,0,0
PRJ-014,Infrastructure,North,47,74.6,2498547,1501272.0,1.242,1.008,73.8,2.42,8,-6.0,7,2098,2085.0,-19.46,0,0
PRJ-014,Infrastructure,North,48,76.2,2498547,1538795.0,1.237,0.957,81.8,2.42,8,-6.0,7,1714,1641.0,-19.17,0,0
PRJ-014,Infrastructure,North,49,77.8,2498547,1650340.0,1.178,0.982,79.3,2.42,8,-6.0,7,1991,2105.0,-15.08,0,0
PRJ-014,Infrastructure,North,50,79.4,2498547,1748848.0,1.134,1.012,79.1,2.42,8,-6.0,7,1327,1312.0,-11.81,0,0
PRJ-014,Infrastructure,North,51,81.0,2498547,1633155.0,1.238,0.995,82.2,2.42,8,-6.0,7,1593,1731.0,-19.26,0,0
PRJ-014,Infrastructure,North,52,82.5,2498547,1744136.0,1.182,0.938,85.2,2.42,8,-6.0,7,1718,2009.0,-15.43,0,0
PRJ-014,Infrastructure,North,53,84.1,2498547,1723930.0,1.219,0.975,82.9,2.42,8,-6.0,7,1112,1100.0,-17.98,0,0
PRJ-014,Infrastructure,North,54,85.7,2498547,1813283.0,1.181,0.938,87.7,2.42,8,-6.0,7,1958,2157.0,-15.33,0,0
PRJ-014,Infrastructure,North,55,87.3,2498547,1803696.0,1.209,1.009,88.6,2.42,8,-6.0,7,908,851.0,-17.31,0,0
PRJ-014,Infrastructure,North,56,88.9,2498547,1914134.0,1.16,0.952,89.1,2.42,8,-6.0,7,2000,2105.0,-13.81,0,0
PRJ-014,Infrastructure,North,57,90.5,2498547,1904204.0,1.187,0.942,97.0,2.42,8,-6.0,7,1736,1714.0,-15.77,0,0
PRJ-014,Infrastructure,North,58,92.1,2498547,1945591.0,1.182,0.929,97.3,2.42,8,-6.0,7,1820,1944.0,-15.42,0,0
PRJ-014,Infrastructure,North,59,93.7,2498547,1921090.0,1.218,0.959,95.5,2.42,8,-6.0,7,2487,2431.0,-17.9,0,0
PRJ-014,Infrastructure,North,60,95.2,2498547,2030421.0,1.172,0.943,99.6,2.42,8,-6.0,7,952,947.0,-14.67,0,0
PRJ-014,Infrastructure,North,61,96.8,2498547,1972345.0,1.227,0.956,100.0,2.42,8,-6.0,7,1522,1622.0,-18.47,0,0
PRJ-014,Infrastructure,North,62,98.4,2498547,2133894.0,1.152,0.973,98.1,2.42,8,-6.0,7,1280,1240.0,-13.22,0,0
PRJ-014,Infrastructure,North,63,100.0,2498547,2129644.0,1.173,0.926,100.0,2.42,8,-6.0,7,844,866.0,-14.76,0,0
PRJ-015,Residential,North,1,4.0,3585945,148725.0,0.964,1.382,-12.8,15.39,2,-14.9,8,1324,932.0,3.69,0,0
PRJ-015,Residential,North,2,8.0,3585945,287768.0,0.997,1.3,-4.8,15.39,2,-14.9,8,1567,1184.0,0.31,0,0
PRJ-015,Residential,North,3,12.0,3585945,422939.0,1.017,1.327,-5.1,15.39,2,-14.9,8,1987,1702.0,-1.71,0,0
PRJ-015,Residential,North,4,16.0,3585945,572910.0,1.001,1.363,-3.7,15.39,2,-14.9,8,1107,924.0,-0.15,0,0
PRJ-015,Residential,North,5,20.0,3585945,714993.0,1.003,1.343,4.1,15.39,2,-14.9,8,2310,1697.0,-0.31,0,0
PRJ-015,Residential,North,6,24.0,3585945,883298.0,0.974,1.362,5.3,15.39,2,-14.9,8,1534,1051.0,2.63,0,0
PRJ-015,Residential,North,7,28.0,3585945,1018798.0,0.986,1.37,11.3,15.39,2,-14.9,8,1670,1335.0,1.47,0,0
PRJ-015,Residential,North,8,32.0,3585945,1129505.0,1.016,1.303,16.1,15.39,2,-14.9,8,2410,2005.0,-1.57,0,0
PRJ-015,Residential,North,9,36.0,3585945,1275553.0,1.012,1.316,17.4,15.39,2,-14.9,8,2290,1834.0,-1.19,0,0
PRJ-015,Residential,North,10,40.0,3585945,1451731.0,0.988,1.343,23.7,15.39,2,-14.9,8,1838,1407.0,1.21,0,0
PRJ-015,Residential,North,11,44.0,3585945,1590186.0,0.992,1.318,28.9,15.39,2,-14.9,8,1669,1251.0,0.78,0,0
PRJ-015,Residential,North,12,48.0,3585945,1750207.0,0.983,1.331,31.7,15.39,2,-14.9,8,1813,1336.0,1.68,0,0
PRJ-015,Residential,North,13,52.0,3585945,1930978.0,0.966,1.354,33.1,15.39,2,-14.9,8,2377,1848.0,3.55,0,0
PRJ-015,Residential,North,14,56.0,3585945,2050465.0,0.979,1.333,40.2,15.39,2,-14.9,8,1347,1041.0,2.11,0,0
PRJ-015,Residential,North,15,60.0,3585945,2265761.0,0.95,1.326,44.4,15.39,2,-14.9,8,2262,1957.0,5.31,1,0
PRJ-015,Residential,North,16,64.0,3585945,2360696.0,0.972,1.289,49.6,15.39,2,-14.9,8,2305,1787.0,2.86,0,0
PRJ-015,Residential,North,17,68.0,3585945,2525463.0,0.966,1.326,50.6,15.39,2,-14.9,8,2045,1639.0,3.57,0,0
PRJ-015,Residential,North,18,72.0,3585945,2729679.0,0.946,1.294,57.7,15.39,2,-14.9,8,1507,1276.0,5.72,1,0
PRJ-015,Residential,North,19,76.0,3585945,2713189.0,1.004,1.339,58.2,15.39,2,-14.9,8,800,645.0,-0.45,0,0
PRJ-015,Residential,North,20,80.0,3585945,2989690.0,0.96,1.28,65.2,15.39,2,-14.9,8,1642,1373.0,4.22,0,0
PRJ-015,Residential,North,21,84.0,3585945,3005226.0,1.002,1.356,62.5,15.39,2,-14.9,8,1182,958.0,-0.23,0,0
PRJ-015,Residential,North,22,88.0,3585945,3308671.0,0.954,1.306,74.0,15.39,2,-14.9,8,2093,1730.0,4.85,0,0
PRJ-015,Residential,North,23,92.0,3585945,3344565.0,0.986,1.335,74.6,15.39,2,-14.9,8,1847,1413.0,1.38,0,0
PRJ-015,Residential,North,24,96.0,3585945,3734258.0,0.922,1.275,79.9,15.39,2,-14.9,8,1902,1499.0,8.47,1,0
PRJ-015,Residential,North,25,100.0,3585945,3753455.0,0.955,1.264,88.4,15.39,2,-14.9,8,1186,995.0,4.67,0,0
PRJ-016,Residential,West,1,2.0,4912903,99517.0,0.968,0.831,5.2,14.57,4,3.4,4,2424,2747.0,3.31,0,1
PRJ-016,Residential,West,2,3.9,4912903,208335.0,0.925,0.901,11.7,14.57,4,3.4,4,1090,1189.0,8.13,1,0
PRJ-016,Residential,West,3,5.9,4912903,305827.0,0.945,0.859,13.3,14.57,4,3.4,4,1661,1978.0,5.82,1,1
PRJ-016,Residential,West,4,7.8,4912903,388086.0,0.993,0.842,14.8,14.57,4,3.4,4,2311,2726.0,0.72,0,1
PRJ-016,Residential,West,5,9.8,4912903,480750.0,1.002,0.842,18.0,14.57,4,3.4,4,2165,2468.0,-0.19,0,1
PRJ-016,Residential,West,6,11.8,4912903,589080.0,0.981,0.863,18.9,14.57,4,3.4,4,1760,2014.0,1.92,0,1
PRJ-016,Residential,West,7,13.7,4912903,682153.0,0.989,0.811,21.0,14.57,4,3.4,4,2106,2512.0,1.16,0,1
PRJ-016,Residential,West,8,15.7,4912903,764999.0,1.007,0.795,24.8,14.57,4,3.4,4,1027,1308.0,-0.73,0,1
PRJ-016,Residential,West,9,17.6,4912903,879061.0,0.986,0.813,28.5,14.57,4,3.4,4,2263,2621.0,1.39,0,1
PRJ-016,Residential,West,10,19.6,4912903,1019358.0,0.945,0.869,30.0,14.57,4,3.4,4,1225,1372.0,5.82,1,1
PRJ-016,Residential,West,11,21.6,4912903,1091923.0,0.97,0.848,29.0,14.57,4,3.4,4,1665,1967.0,3.05,0,1
PRJ-016,Residential,West,12,23.5,4912903,1193853.0,0.968,0.833,32.5,14.57,4,3.4,4,2119,2544.0,3.28,0,1
PRJ-016,Residential,West,13,25.5,4912903,1269960.0,0.986,0.81,34.5,14.57,4,3.4,4,1681,2151.0,1.41,0,1
PRJ-016,Residential,West,14,27.5,4912903,1395644.0,0.966,0.813,33.9,14.57,4,3.4,4,1490,1794.0,3.49,0,1
PRJ-016,Residential,West,15,29.4,4912903,1576875.0,0.916,0.833,36.4,14.57,4,3.4,4,1410,1684.0,9.13,1,1
PRJ-016,Residential,West,16,31.4,4912903,1660134.0,0.928,0.767,43.6,14.57,4,3.4,4,2366,3285.0,7.71,1,1
PRJ-016,Residential,West,17,33.3,4912903,1650342.0,0.992,0.796,45.3,14.57,4,3.4,4,2263,2895.0,0.78,0,1
PRJ-016,Residential,West,18,35.3,4912903,1801355.0,0.963,0.797,45.8,14.57,4,3.4,4,1120,1478.0,3.89,0,1
PRJ-016,Residential,West,19,37.3,4912903,1935043.0,0.946,0.829,49.0,14.57,4,3.4,4,1385,1676.0,5.72,1,1
PRJ-016,Residential,West,20,39.2,4912903,2048370.0,0.941,0.821,48.4,14.57,4,3.4,4,1985,2666.0,6.32,1,1
PRJ-016,Residential,West,21,41.2,4912903,2227892.0,0.908,0.771,50.2,14.57,4,3.4,4,1458,1902.0,10.13,1,1
PRJ-016,Residential,West,22,43.1,4912903,2302314.0,0.921,0.836,53.8,14.57,4,3.4,4,1973,2340.0,8.64,1,1
PRJ-016,Residential,West,23,45.1,4912903,2281564.0,0.971,0.855,52.7,14.57,4,3.4,4,2021,2243.0,2.98,0,1
PRJ-016,Residential,West,24,47.1,4912903,2493372.0,0.927,0.834,54.0,14.57,4,3.4,4,826,956.0,7.85,1,1
PRJ-016,Residential,West,25,49.0,4912903,2579521.0,0.934,0.809,57.8,14.57,4,3.4,4,984,1158.0,7.11,1,1
PRJ-016,Residential,West,26,51.0,4912903,2650469.0,0.945,0.868,57.7,14.57,4,3.4,4,1605,1953.0,5.82,1,1
PRJ-016,Residential,West,27,52.9,4912903,2647921.0,0.982,0.793,65.7,14.57,4,3.4,4,1212,1439.0,1.81,0,1
PRJ-016,Residential,West,28,54.9,4912903,2760406.0,0.977,0.823,63.4,14.57,4,3.4,4,1069,1271.0,2.34,0,1
PRJ-016,Residential,West,29,56.9,4912903,2919999.0,0.957,0.813,68.5,14.57,4,3.4,4,1469,1837.0,4.52,0,1
PRJ-016,Residential,West,30,58.8,4912903,3120561.0,0.926,0.84,66.2,14.57,4,3.4,4,2014,2362.0,7.98,1,1
PRJ-016,Residential,West,31,60.8,4912903,3104969.0,0.962,0.861,68.0,14.57,4,3.4,4,831,994.0,3.97,0,1
PRJ-016,Residential,West,32,62.7,4912903,3178498.0,0.97,0.788,73.0,14.57,4,3.4,4,1297,1553.0,3.11,0,1
PRJ-016,Residential,West,33,64.7,4912903,3666512.0,0.867,0.785,70.3,14.57,4,3.4,4,2424,3151.0,15.34,1,1
PRJ-016,Residential,West,34,66.7,4912903,3633044.0,0.902,0.833,75.3,14.57,4,3.4,4,1226,1436.0,10.92,1,1
PRJ-016,Residential,West,35,68.6,4912903,3784860.0,0.891,0.804,75.4,14.57,4,3.4,4,1624,2041.0,12.26,1,1
PRJ-016,Residential,West,36,70.6,4912903,3719662.0,0.932,0.789,80.4,14.57,4,3.4,4,2160,2659.0,7.26,1,1
PRJ-016,Residential,West,37,72.5,4912903,3805565.0,0.937,0.765,87.6,14.57,4,3.4,4,2164,2895.0,6.77,1,1
PRJ-016,Residential,West,38,74.5,4912903,3811720.0,0.96,0.796,87.8,14.57,4,3.4,4,1073,1477.0,4.13,0,1
PRJ-016,Residential,West,39,76.5,4912903,4168427.0,0.901,0.823,82.7,14.57,4,3.4,4,1837,2272.0,10.95,1,1
PRJ-016,Residential,West,40,78.4,4912903,4254054.0,0.906,0.825,89.1,14.57,4,3.4,4,1064,1303.0,10.4,1,1
PRJ-016,Residential,West,41,80.4,4912903,4262607.0,0.927,0.728,94.8,14.57,4,3.4,4,1657,2250.0,7.93,1,1
PRJ-016,Residential,West,42,82.4,4912903,4391116.0,0.921,0.81,92.5,14.57,4,3.4,4,1137,1398.0,8.53,1,1
PRJ-016,Residential,West,43,84.3,4912903,4544456.0,0.911,0.798,94.6,14.57,4,3.4,4,1387,1794.0,9.71,1,1
PRJ-016,Residential,West,44,86.3,4912903,4672352.0,0.907,0.815,97.8,14.57,4,3.4,4,2178,2648.0,10.23,1,1
PRJ-016,Residential,West,45,88.2,4912903,4969287.0,0.872,0.813,96.5,14.57,4,3.4,4,1621,1998.0,14.63,1,1
PRJ-016,Residential,West,46,90.2,4912903,4899501.0,0.904,0.776,100.0,14.57,4,3.4,4,1241,1541.0,10.57,1,1
PRJ-016,Residential,West,47,92.2,4912903,5092519.0,0.889,0.85,98.9,14.57,4,3.4,4,1894,2450.0,12.48,1,1
PRJ-016,Residential,West,48,94.1,4912903,4984061.0,0.928,0.825,100.0,14.57,4,3.4,4,1337,1558.0,7.79,1,1
PRJ-016,Residential,West,49,96.1,4912903,5156515.0,0.915,0.766,100.0,14.57,4,3.4,4,1258,1581.0,9.24,1,1
PRJ-016,Residential,West,50,98.0,4912903,5052225.0,0.953,0.787,100.0,14.57,4,3.4,4,1693,2208.0,4.89,0,1
PRJ-016,Residential,West,51,100.0,4912903,5555558.0,0.884,0.768,100.0,14.57,4,3.4,4,2077,2582.0,13.08,1,1
PRJ-017,Industrial,West,1,2.6,3939187,109238.0,0.925,0.825,15.0,18.2,7,10.1,9,2094,2494.0,8.15,1,1
PRJ-017,Industrial,West,2,5.1,3939187,222356.0,0.908,0.862,12.3,18.2,7,10.1,9,1688,2053.0,10.07,1,1
PRJ-017,Industrial,West,3,7.7,3939187,324413.0,0.934,0.786,22.2,18.2,7,10.1,9,2349,3094.0,7.06,1,1
PRJ-017,Industrial,West,4,10.3,3939187,451763.0,0.894,0.844,18.3,18.2,7,10.1,9,2480,3011.0,11.82,1,1
PRJ-017,Industrial,West,5,12.8,3939187,536679.0,0.941,0.78,23.8,18.2,7,10.1,9,1737,2192.0,6.27,1,1
PRJ-017,Industrial,West,6,15.4,3939187,681101.0,0.89,0.808,25.2,18.2,7,10.1,9,996,1192.0,12.39,1,1
PRJ-017,Industrial,West,7,17.9,3939187,753380.0,0.938,0.789,24.4,18.2,7,10.1,9,2264,2841.0,6.56,1,1
PRJ-017,Industrial,West,8,20.5,3939187,812784.0,0.994,0.728,34.8,18.2,7,10.1,9,2132,3014.0,0.59,0,1
PRJ-017,Industrial,West,9,23.1,3939187,972147.0,0.935,0.812,31.0,18.2,7,10.1,9,1673,2222.0,6.94,1,1
PRJ-017,Industrial,West,10,25.6,3939187,1132164.0,0.892,0.732,38.1,18.2,7,10.1,9,2484,3362.0,12.09,1,1
PRJ-017,Industrial,West,11,28.2,3939187,1182776.0,0.939,0.81,35.8,18.2,7,10.1,9,2117,2612.0,6.46,1,1
PRJ-017,Industrial,West,12,30.8,3939187,1353860.0,0.895,0.794,40.6,18.2,7,10.1,9,1177,1491.0,11.7,1,1
PRJ-017,Industrial,West,13,33.3,3939187,1467682.0,0.895,0.767,44.1,18.2,7,10.1,9,1943,2536.0,11.78,1,1
PRJ-017,Industrial,West,14,35.9,3939187,1533548.0,0.922,0.728,50.7,18.2,7,10.1,9,1600,2138.0,8.45,1,1
PRJ-017,Industrial,West,15,38.5,3939187,1679232.0,0.902,0.743,50.1,18.2,7,10.1,9,909,1204.0,10.84,1,1
PRJ-017,Industrial,West,16,41.0,3939187,1723319.0,0.938,0.761,53.8,18.2,7,10.1,9,1590,2084.0,6.64,1,1
PRJ-017,Industrial,West,17,43.6,3939187,1940347.0,0.885,0.743,57.8,18.2,7,10.1,9,1728,2462.0,13.0,1,1
PRJ-017,Industrial,West,18,46.2,3939187,2121454.0,0.857,0.743,60.8,18.2,7,10.1,9,1201,1543.0,16.69,1,1
PRJ-017,Industrial,West,19,48.7,3939187,2218832.0,0.865,0.742,60.0,18.2,7,10.1,9,1705,2313.0,15.62,1,1
PRJ-017,Industrial,West,20,51.3,3939187,2175595.0,0.929,0.692,67.0,18.2,7,10.1,9,2424,3606.0,7.7,1,1
PRJ-017,Industrial,West,21,53.8,3939187,2488520.0,0.852,0.709,62.7,18.2,7,10.1,9,2102,2887.0,17.32,1,1
PRJ-017,Industrial,West,22,56.4,3939187,2533661.0,0.877,0.735,68.0,18.2,7,10.1,9,1816,2551.0,14.02,1,1
PRJ-017,Industrial,West,23,59.0,3939187,2609664.0,0.89,0.764,75.2,18.2,7,10.1,9,1836,2305.0,12.33,1,1
PRJ-017,Industrial,West,24,61.5,3939187,2791454.0,0.868,0.704,76.4,18.2,7,10.1,9,2078,2941.0,15.15,1,1
PRJ-017,Industrial,West,25,64.1,3939187,2808271.0,0.899,0.707,79.1,18.2,7,10.1,9,1796,2637.0,11.21,1,1
PRJ-017,Industrial,West,26,66.7,3939187,2998376.0,0.876,0.717,80.6,18.2,7,10.1,9,1053,1442.0,14.17,1,1
PRJ-017,Industrial,West,27,69.2,3939187,2943674.0,0.926,0.732,84.3,18.2,7,10.1,9,2153,2837.0,7.94,1,1
PRJ-017,Industrial,West,28,71.8,3939187,3108340.0,0.91,0.745,83.6,18.2,7,10.1,9,1559,2109.0,9.91,1,1
PRJ-017,Industrial,West,29,74.4,3939187,3295527.0,0.889,0.679,92.5,18.2,7,10.1,9,1509,2106.0,12.51,1,1
PRJ-017,Industrial,West,30,76.9,3939187,3468209.0,0.874,0.698,92.3,18.2,7,10.1,9,2044,2764.0,14.46,1,1
PRJ-017,Industrial,West,31,79.5,3939187,3613977.0,0.866,0.743,92.0,18.2,7,10.1,9,1260,1679.0,15.42,1,1
PRJ-017,Industrial,West,32,82.1,3939187,3743277.0,0.863,0.692,100.0,18.2,7,10.1,9,1135,1608.0,15.81,1,1
PRJ-017,Industrial,West,33,84.6,3939187,3694201.0,0.902,0.624,100.0,18.2,7,10.1,9,1555,2582.0,10.83,1,1
PRJ-017,Industrial,West,34,87.2,3939187,3998095.0,0.859,0.664,100.0,18.2,7,10.1,9,1865,2990.0,16.42,1,1
PRJ-017,Industrial,West,35,89.7,3939187,4226271.0,0.836,0.71,100.0,18.2,7,10.1,9,1924,2772.0,19.55,1,1
PRJ-017,Industrial,West,36,92.3,3939187,4080210.0,0.891,0.685,100.0,18.2,7,10.1,9,1106,1560.0,12.21,1,1
PRJ-017,Industrial,West,37,94.9,3939187,4592874.0,0.814,0.705,100.0,18.2,7,10.1,9,2344,3299.0,22.9,1,1
PRJ-017,Industrial,West,38,97.4,3939187,4411409.0,0.87,0.717,100.0,18.2,7,10.1,9,1571,2104.0,14.93,1,1
PRJ-017,Industrial,West,39,100.0,3939187,4579092.0,0.86,0.655,100.0,18.2,7,10.1,9,2159,3283.0,16.24,1,1
PRJ-018,Residential,North,1,2.0,720326,12561.0,1.124,1.178,-7.0,8.87,4,-3.2,6,2433,2107.0,-11.06,0,0
PRJ-018,Residential,North,2,3.9,720326,25135.0,1.124,1.222,-6.1,8.87,4,-3.2,6,2284,1623.0,-11.02,0,0
PRJ-018,Residential,North,3,5.9,720326,37750.0,1.122,1.219,-9.8,8.87,4,-3.2,6,2243,1782.0,-10.91,0,0
PRJ-018,Residential,North,4,7.8,720326,49148.0,1.15,1.217,-4.9,8.87,4,-3.2,6,2292,1863.0,-13.01,0,0
PRJ-018,Residential,North,5,9.8,720326,61160.0,1.155,1.176,2.0,8.87,4,-3.2,6,1907,1575.0,-13.4,0,0
PRJ-018,Residential,North,6,11.8,720326,79318.0,1.068,1.185,4.8,8.87,4,-3.2,6,1213,1018.0,-6.4,0,0
PRJ-018,Residential,North,7,13.7,720326,90787.0,1.089,1.192,7.8,8.87,4,-3.2,6,818,691.0,-8.17,0,0
PRJ-018,Residential,North,8,15.7,720326,104953.0,1.077,1.173,6.0,8.87,4,-3.2,6,1345,1081.0,-7.11,0,0
PRJ-018,Residential,North,9,17.6,720326,119608.0,1.063,1.162,9.4,8.87,4,-3.2,6,2345,1943.0,-5.91,0,0
PRJ-018,Residential,North,10,19.6,720326,129303.0,1.092,1.205,9.2,8.87,4,-3.2,6,2268,1757.0,-8.45,0,0
PRJ-018,Residential,North,11,21.6,720326,138886.0,1.119,1.195,12.8,8.87,4,-3.2,6,2476,1856.0,-10.61,0,0
PRJ-018,Residential,North,12,23.5,720326,149729.0,1.132,1.18,17.1,8.87,4,-3.2,6,2201,1598.0,-11.66,0,0
PRJ-018,Residential,North,13,25.5,720326,163744.0,1.121,1.12,19.6,8.87,4,-3.2,6,1018,913.0,-10.82,0,0
PRJ-018,Residential,North,14,27.5,720326,173602.0,1.139,1.174,18.8,8.87,4,-3.2,6,1715,1509.0,-12.21,0,0
PRJ-018,Residential,North,15,29.4,720326,184678.0,1.147,1.171,20.5,8.87,4,-3.2,6,1880,1445.0,-12.83,0,0
PRJ-018,Residential,North,16,31.4,720326,205995.0,1.097,1.119,23.9,8.87,4,-3.2,6,2146,1935.0,-8.85,0,0
PRJ-018,Residential,North,17,33.3,720326,219905.0,1.092,1.204,26.8,8.87,4,-3.2,6,2021,1654.0,-8.41,0,0
PRJ-018,Residential,North,18,35.3,720326,223039.0,1.14,1.107,30.0,8.87,4,-3.2,6,1840,1714.0,-12.27,0,0
PRJ-018,Residential,North,19,37.3,720326,240430.0,1.116,1.148,32.0,8.87,4,-3.2,6,1636,1493.0,-10.41,0,0
PRJ-018,Residential,North,20,39.2,720326,240577.0,1.174,1.228,25.5,8.87,4,-3.2,6,2493,1989.0,-14.83,0,0
PRJ-018,Residential,North,21,41.2,720326,249419.0,1.189,1.157,33.8,8.87,4,-3.2,6,813,641.0,-15.91,0,0
PRJ-018,Residential,North,22,43.1,720326,283206.0,1.097,1.148,34.0,8.87,4,-3.2,6,1597,1422.0,-8.86,0,0
PRJ-018,Residential,North,23,45.1,720326,296909.0,1.094,1.17,33.5,8.87,4,-3.2,6,1051,836.0,-8.6,0,0
PRJ-018,Residential,North,24,47.1,720326,303452.0,1.117,1.09,41.4,8.87,4,-3.2,6,2483,2414.0,-10.48,0,0
PRJ-018,Residential,North,25,49.0,720326,324462.0,1.088,1.13,39.1,8.87,4,-3.2,6,1919,1701.0,-8.11,0,0
PRJ-018,Residential,North,26,51.0,720326,329266.0,1.115,1.216,41.2,8.87,4,-3.2,6,1850,1516.0,-10.34,0,0
PRJ-018,Residential,North,27,52.9,720326,334862.0,1.139,1.188,42.8,8.87,4,-3.2,6,2407,2090.0,-12.19,0,0
PRJ-018,Residential,North,28,54.9,720326,341540.0,1.158,1.166,45.1,8.87,4,-3.2,6,1861,1575.0,-13.64,0,0
PRJ-018,Residential,North,29,56.9,720326,364286.0,1.124,1.098,50.7,8.87,4,-3.2,6,2002,1861.0,-11.06,0,0
PRJ-018,Residential,North,30,58.8,720326,374855.0,1.13,1.135,52.0,8.87,4,-3.2,6,2027,1836.0,-11.53,0,0
PRJ-018,Residential,North,31,60.8,720326,399221.0,1.097,1.132,53.1,8.87,4,-3.2,6,1692,1465.0,-8.82,0,0
PRJ-018,Residential,North,32,62.7,720326,426797.0,1.059,1.104,57.4,8.87,4,-3.2,6,932,751.0,-5.57,0,0
PRJ-018,Residential,North,33,64.7,720326,420647.0,1.108,1.187,55.6,8.87,4,-3.2,6,1931,1773.0,-9.75,0,0
PRJ-018,Residential,North,34,66.7,720326,421401.0,1.14,1.167,56.8,8.87,4,-3.2,6,918,796.0,-12.25,0,0
PRJ-018,Residential,North,35,68.6,720326,447783.0,1.104,1.128,65.4,8.87,4,-3.2,6,1125,946.0,-9.42,0,0
PRJ-018,Residential,North,36,70.6,720326,462566.0,1.099,1.17,61.2,8.87,4,-3.2,6,873,731.0,-9.03,0,0
PRJ-018,Residential,North,37,72.5,720326,494338.0,1.057,1.13,67.1,8.87,4,-3.2,6,1961,1701.0,-5.41,0,0
PRJ-018,Residential,North,38,74.5,720326,500447.0,1.072,1.107,68.3,8.87,4,-3.2,6,1516,1265.0,-6.76,0,0
PRJ-018,Residential,North,39,76.5,720326,518635.0,1.062,1.082,71.1,8.87,4,-3.2,6,1991,1914.0,-5.85,0,0
PRJ-018,Residential,North,40,78.4,720326,526037.0,1.074,1.169,69.0,8.87,4,-3.2,6,1260,975.0,-6.89,0,0
PRJ-018,Residential,North,41,80.4,720326,525023.0,1.103,1.13,76.7,8.87,4,-3.2,6,2064,1719.0,-9.34,0,0
PRJ-018,Residential,North,42,82.4,720326,537396.0,1.104,1.115,76.6,8.87,4,-3.2,6,1619,1444.0,-9.41,0,0
PRJ-018,Residential,North,43,84.3,720326,549502.0,1.105,1.117,76.2,8.87,4,-3.2,6,1634,1449.0,-9.52,0,0
PRJ-018,Residential,North,44,86.3,720326,573373.0,1.084,1.068,84.7,8.87,4,-3.2,6,2374,2353.0,-7.74,0,0
PRJ-018,Residential,North,45,88.2,720326,561792.0,1.131,1.195,73.9,8.87,4,-3.2,6,2159,1707.0,-11.61,0,0
PRJ-018,Residential,North,46,90.2,720326,590449.0,1.1,1.067,85.2,8.87,4,-3.2,6,1939,1870.0,-9.12,0,0
PRJ-018,Residential,North,47,92.2,720326,616868.0,1.076,1.118,86.2,8.87,4,-3.2,6,1889,1540.0,-7.07,0,0
PRJ-018,Residential,North,48,94.1,720326,626831.0,1.082,1.12,92.0,8.87,4,-3.2,6,2374,1890.0,-7.54,0,0
PRJ-018,Residential,North,49,96.1,720326,643036.0,1.076,1.123,91.2,8.87,4,-3.2,6,1013,931.0,-7.09,0,0
PRJ-018,Residential,North,50,98.0,720326,663310.0,1.065,1.173,89.4,8.87,4,-3.2,6,848,699.0,-6.07,0,0
PRJ-018,Residential,North,51,100.0,720326,670030.0,1.075,1.174,90.3,8.87,4,-3.2,6,1989,1698.0,-6.98,0,0
PRJ-019,Residential,North,1,2.0,4577348,71258.0,1.311,1.127,-6.3,12.48,5,-3.5,10,1787,1686.0,-23.72,0,0
PRJ-019,Residential,North,2,4.1,4577348,141022.0,1.325,1.115,-1.0,12.48,5,-3.5,10,2399,2252.0,-24.52,0,0
PRJ-019,Residential,North,3,6.1,4577348,220321.0,1.272,1.105,-1.0,12.48,5,-3.5,10,1171,958.0,-21.38,0,0
PRJ-019,Residential,North,4,8.2,4577348,291895.0,1.28,1.152,1.3,12.48,5,-3.5,10,1246,1103.0,-21.88,0,0
PRJ-019,Residential,North,5,10.2,4577348,363618.0,1.285,1.111,4.5,12.48,5,-3.5,10,1874,1799.0,-22.15,0,0
PRJ-019,Residential,North,6,12.2,4577348,424629.0,1.32,1.122,8.4,12.48,5,-3.5,10,1029,927.0,-24.24,0,0
PRJ-019,Residential,North,7,14.3,4577348,492805.0,1.327,1.131,3.8,12.48,5,-3.5,10,848,777.0,-24.64,0,0
PRJ-019,Residential,North,8,16.3,4577348,574810.0,1.3,1.139,10.8,12.48,5,-3.5,10,2169,1797.0,-23.08,0,0
PRJ-019,Residential,North,9,18.4,4577348,630133.0,1.334,1.097,12.8,12.48,5,-3.5,10,922,861.0,-25.05,0,0
PRJ-019,Residential,North,10,20.4,4577348,727486.0,1.284,1.15,12.8,12.48,5,-3.5,10,954,803.0,-22.12,0,0
PRJ-019,Residential,North,11,22.4,4577348,775264.0,1.325,1.151,14.4,12.48,5,-3.5,10,1255,1110.0,-24.55,0,0
PRJ-019,Residential,North,12,24.5,4577348,892369.0,1.256,1.107,21.5,12.48,5,-3.5,10,2072,2132.0,-20.39,0,0
PRJ-019,Residential,North,13,26.5,4577348,914972.0,1.327,1.145,20.9,12.48,5,-3.5,10,1301,1104.0,-24.66,0,0
PRJ-019,Residential,North,14,28.6,4577348,1016501.0,1.287,1.144,22.0,12.48,5,-3.5,10,1647,1359.0,-22.27,0,0
PRJ-019,Residential,North,15,30.6,4577348,1075863.0,1.302,1.054,28.6,12.48,5,-3.5,10,1402,1383.0,-23.22,0,0
PRJ-019,Residential,North,16,32.7,4577348,1114217.0,1.341,1.152,26.1,12.48,5,-3.5,10,2212,1956.0,-25.45,0,0
PRJ-019,Residential,North,17,34.7,4577348,1204538.0,1.318,1.133,25.9,12.48,5,-3.5,10,1633,1511.0,-24.15,0,0
PRJ-019,Residential,North,18,36.7,4577348,1283602.0,1.31,1.104,32.3,12.48,5,-3.5,10,1747,1469.0,-23.66,0,0
PRJ-019,Residential,North,19,38.8,4577348,1407560.0,1.261,1.05,38.2,12.48,5,-3.5,10,1364,1347.0,-20.7,0,0
PRJ-019,Residential,North,20,40.8,4577348,1410283.0,1.325,1.116,35.9,12.48,5,-3.5,10,2191,1911.0,-24.52,0,0
PRJ-019,Residential,North,21,42.9,4577348,1518007.0,1.292,1.115,38.5,12.48,5,-3.5,10,2039,1826.0,-22.62,0,0
PRJ-019,Residential,North,22,44.9,4577348,1650025.0,1.246,1.106,38.5,12.48,5,-3.5,10,1339,1166.0,-19.71,0,0
PRJ-019,Residential,North,23,46.9,4577348,1687621.0,1.273,1.066,45.3,12.48,5,-3.5,10,2030,1952.0,-21.45,0,0
PRJ-019,Residential,North,24,49.0,4577348,1772538.0,1.265,1.133,43.4,12.48,5,-3.5,10,914,731.0,-20.94,0,0
PRJ-019,Residential,North,25,51.0,4577348,1822298.0,1.282,1.08,47.5,12.48,5,-3.5,10,975,936.0,-21.97,0,0
PRJ-019,Residential,North,26,53.1,4577348,1872260.0,1.297,1.105,47.7,12.48,5,-3.5,10,1851,1429.0,-22.91,0,0
PRJ-019,Residential,North,27,55.1,4577348,1878964.0,1.342,1.108,46.0,12.48,5,-3.5,10,2415,2344.0,-25.5,0,0
PRJ-019,Residential,North,28,57.1,4577348,2048865.0,1.277,1.046,55.9,12.48,5,-3.5,10,980,895.0,-21.67,0,0
PRJ-019,Residential,North,29,59.2,4577348,2101630.0,1.289,1.06,55.2,12.48,5,-3.5,10,2287,2215.0,-22.42,0,0
PRJ-019,Residential,North,30,61.2,4577348,2079804.0,1.347,1.112,57.9,12.48,5,-3.5,10,2438,2161.0,-25.79,0,0
PRJ-019,Residential,North,31,63.3,4577348,2322207.0,1.247,1.04,61.3,12.48,5,-3.5,10,1278,1298.0,-19.81,0,0
PRJ-019,Residential,North,32,65.3,4577348,2266039.0,1.319,1.04,64.9,12.48,5,-3.5,10,2337,2273.0,-24.19,0,0
PRJ-019,Residential,North,33,67.3,4577348,2421503.0,1.273,1.064,65.7,12.48,5,-3.5,10,939,812.0,-21.45,0,0
PRJ-019,Residential,North,34,69.4,4577348,2482491.0,1.279,1.073,64.2,12.48,5,-3.5,10,1305,1225.0,-21.84,0,0
PRJ-019,Residential,North,35,71.4,4577348,2560976.0,1.277,1.04,71.1,12.48,5,-3.5,10,899,848.0,-21.67,0,0
PRJ-019,Residential,North,36,73.5,4577348,2591939.0,1.297,1.024,70.1,12.48,5,-3.5,10,1481,1440.0,-22.93,0,0
PRJ-019,Residential,North,37,75.5,4577348,2723552.0,1.269,1.032,74.6,12.48,5,-3.5,10,1995,2014.0,-21.2,0,0
PRJ-019,Residential,North,38,77.6,4577348,2769373.0,1.282,1.112,70.3,12.48,5,-3.5,10,1875,1686.0,-21.98,0,0
PRJ-019,Residential,North,39,79.6,4577348,2798578.0,1.302,1.046,77.9,12.48,5,-3.5,10,1726,1606.0,-23.18,0,0
PRJ-019,Residential,North,40,81.6,4577348,2943099.0,1.27,1.061,82.0,12.48,5,-3.5,10,913,897.0,-21.24,0,0
PRJ-019,Residential,North,41,83.7,4577348,3048242.0,1.256,1.032,81.6,12.48,5,-3.5,10,1185,1150.0,-20.41,0,0
PRJ-019,Residential,North,42,85.7,4577348,3074527.0,1.276,1.017,84.3,12.48,5,-3.5,10,2123,2223.0,-21.64,0,0
PRJ-019,Residential,North,43,87.8,4577348,3094006.0,1.298,1.03,87.8,12.48,5,-3.5,10,2445,2285.0,-22.97,0,0
PRJ-019,Residential,North,44,89.8,4577348,3236181.0,1.27,1.053,87.2,12.48,5,-3.5,10,2206,2245.0,-21.27,0,0
PRJ-019,Residential,North,45,91.8,4577348,3421623.0,1.229,1.04,88.6,12.48,5,-3.5,10,2390,2413.0,-18.6,0,0
PRJ-019,Residential,North,46,93.9,4577348,3357671.0,1.28,1.01,90.2,12.48,5,-3.5,10,1609,1641.0,-21.86,0,0
PRJ-019,Residential,North,47,95.9,4577348,3393524.0,1.294,1.052,92.9,12.48,5,-3.5,10,1457,1332.0,-22.71,0,0
PRJ-019,Residential,North,48,98.0,4577348,3596414.0,1.247,1.014,99.6,12.48,5,-3.5,10,2087,2123.0,-19.79,0,0
PRJ-019,Residential,North,49,100.0,4577348,3692070.0,1.24,1.001,100.0,12.48,5,-3.5,10,1127,1144.0,-19.34,0,0
PRJ-020,Industrial,South,1,2.6,7797050,194909.0,1.053,0.999,-0.2,12.95,1,1.4,10,1597,1594.0,-5.01,0,0
PRJ-020,Industrial,South,2,5.3,7797050,381012.0,1.077,0.955,1.7,12.95,1,1.4,10,1552,1653.0,-7.15,0,0
PRJ-020,Industrial,South,3,7.9,7797050,563519.0,1.092,0.943,10.3,12.95,1,1.4,10,2039,2304.0,-8.45,0,0
PRJ-020,Industrial,South,4,10.5,7797050,736767.0,1.114,0.959,11.1,12.95,1,1.4,10,1245,1311.0,-10.23,0,0
PRJ-020,Industrial,South,5,13.2,7797050,955546.0,1.074,0.933,17.2,12.95,1,1.4,10,2475,2636.0,-6.86,0,0
PRJ-020,Industrial,South,6,15.8,7797050,1134731.0,1.085,1.002,15.0,12.95,1,1.4,10,1745,1659.0,-7.83,0,0
PRJ-020,Industrial,South,7,18.4,7797050,1354645.0,1.06,0.96,19.3,12.95,1,1.4,10,2344,2335.0,-5.69,0,0
PRJ-020,Industrial,South,8,21.1,7797050,1561230.0,1.051,0.902,26.4,12.95,1,1.4,10,1857,2097.0,-4.89,0,0
PRJ-020,Industrial,South,9,23.7,7797050,1757224.0,1.051,0.908,30.9,12.95,1,1.4,10,2226,2293.0,-4.84,0,0
PRJ-020,Industrial,South,10,26.3,7797050,1912634.0,1.073,0.904,32.8,12.95,1,1.4,10,1764,1867.0,-6.79,0,0
PRJ-020,Industrial,South,11,28.9,7797050,2189724.0,1.031,0.929,31.6,12.95,1,1.4,10,1743,1877.0,-2.98,0,0
PRJ-020,Industrial,South,12,31.6,7797050,2320568.0,1.061,0.889,37.9,12.95,1,1.4,10,1454,1709.0,-5.75,0,1
PRJ-020,Industrial,South,13,34.2,7797050,2638430.0,1.011,0.919,38.1,12.95,1,1.4,10,1569,1726.0,-1.09,0,0
PRJ-020,Industrial,South,14,36.8,7797050,2749621.0,1.045,0.965,39.2,12.95,1,1.4,10,2216,2198.0,-4.28,0,0
PRJ-020,Industrial,South,15,39.5,7797050,3009467.0,1.023,0.943,42.5,12.95,1,1.4,10,1355,1360.0,-2.22,0,0
PRJ-020,Industrial,South,16,42.1,7797050,3042994.0,1.079,0.931,44.3,12.95,1,1.4,10,1525,1683.0,-7.31,0,0
PRJ-020,Industrial,South,17,44.7,7797050,3525069.0,0.99,0.964,47.0,12.95,1,1.4,10,830,859.0,1.06,0,0
PRJ-020,Industrial,South,18,47.4,7797050,3706675.0,0.996,0.932,51.0,12.95,1,1.4,10,1881,1967.0,0.36,0,0
PRJ-020,Industrial,South,19,50.0,7797050,3723876.0,1.047,0.922,53.8,12.95,1,1.4,10,837,776.0,-4.48,0,0
PRJ-020,Industrial,South,20,52.6,7797050,4021811.0,1.02,0.941,54.1,12.95,1,1.4,10,2146,2351.0,-2.0,0,0
PRJ-020,Industrial,South,21,55.3,7797050,4257788.0,1.012,0.944,58.7,12.95,1,1.4,10,1720,1905.0,-1.19,0,0
PRJ-020,Industrial,South,22,57.9,7797050,4303263.0,1.049,0.909,63.4,12.95,1,1.4,10,2028,2380.0,-4.67,0,0
PRJ-020,Industrial,South,23,60.5,7797050,4455722.0,1.059,0.934,65.2,12.95,1,1.4,10,1984,2042.0,-5.58,0,0
PRJ-020,Industrial,South,24,63.2,7797050,4719364.0,1.043,0.896,66.6,12.95,1,1.4,10,1131,1269.0,-4.16,0,1
PRJ-020,Industrial,South,25,65.8,7797050,4960467.0,1.034,0.93,67.4,12.95,1,1.4,10,1270,1358.0,-3.3,0,0
PRJ-020,Industrial,South,26,68.4,7797050,5109535.0,1.044,0.903,75.7,12.95,1,1.4,10,1603,1729.0,-4.22,0,0
PRJ-020,Industrial,South,27,71.1,7797050,5394370.0,1.027,0.912,77.7,12.95,1,1.4,10,1777,1882.0,-2.63,0,0
PRJ-020,Industrial,South,28,73.7,7797050,5722238.0,1.004,0.933,74.6,12.95,1,1.4,10,2364,2503.0,-0.4,0,0
PRJ-020,Industrial,South,29,76.3,7797050,5831681.0,1.02,0.933,82.4,12.95,1,1.4,10,1200,1287.0,-1.99,0,0
PRJ-020,Industrial,South,30,78.9,7797050,6380854.0,0.965,0.913,84.2,12.95,1,1.4,10,957,944.0,3.66,0,0
PRJ-020,Industrial,South,31,81.6,7797050,6181319.0,1.029,0.96,81.4,12.95,1,1.4,10,1600,1412.0,-2.82,0,0
PRJ-020,Industrial,South,32,84.2,7797050,6448459.0,1.018,0.959,86.1,12.95,1,1.4,10,816,766.0,-1.79,0,0
PRJ-020,Industrial,South,33,86.8,7797050,6472879.0,1.046,0.995,87.9,12.95,1,1.4,10,1143,1151.0,-4.4,0,0
PRJ-020,Industrial,South,34,89.5,7797050,6824622.0,1.022,0.931,92.6,12.95,1,1.4,10,2206,2231.0,-2.17,0,0
PRJ-020,Industrial,South,35,92.1,7797050,6877253.0,1.044,0.892,96.8,12.95,1,1.4,10,1323,1528.0,-4.24,0,1
PRJ-020,Industrial,South,36,94.7,7797050,7008240.0,1.054,0.885,98.1,12.95,1,1.4,10,2111,2286.0,-5.12,0,1
PRJ-020,Industrial,South,37,97.4,7797050,7489309.0,1.014,0.873,100.0,12.95,1,1.4,10,2427,2858.0,-1.35,0,1
PRJ-020,Industrial,South,38,100.0,7797050,7915997.0,0.985,0.943,99.2,12.95,1,1.4,10,2390,2524.0,1.53,0,0
PRJ-021,Commercial,North,1,1.9,5057612,104330.0,0.915,0.979,2.8,14.59,6,-9.8,6,2005,2009.0,9.33,1,0
PRJ-021,Commercial,North,2,3.8,5057612,213965.0,0.892,0.995,7.0,14.59,6,-9.8,6,1398,1420.0,12.11,1,0
PRJ-021,Commercial,North,3,5.7,5057612,333621.0,0.858,0.959,8.9,14.59,6,-9.8,6,1340,1343.0,16.54,1,0
PRJ-021,Commercial,North,4,7.5,5057612,429998.0,0.888,1.009,6.8,14.59,6,-9.8,6,858,843.0,12.65,1,0
PRJ-021,Commercial,North,5,9.4,5057612,515024.0,0.926,0.962,10.7,14.59,6,-9.8,6,2236,2360.0,7.94,1,0
PRJ-021,Commercial,North,6,11.3,5057612,658974.0,0.869,1.0,9.4,14.59,6,-9.8,6,1734,1675.0,15.09,1,0
PRJ-021,Commercial,North,7,13.2,5057612,746698.0,0.895,0.974,15.1,14.59,6,-9.8,6,2303,2286.0,11.78,1,0
PRJ-021,Commercial,North,8,15.1,5057612,908281.0,0.841,0.978,12.8,14.59,6,-9.8,6,1320,1371.0,18.98,1,0
PRJ-021,Commercial,North,9,17.0,5057612,1024319.0,0.838,0.938,22.1,14.59,6,-9.8,6,1767,1838.0,19.27,1,0
PRJ-021,Commercial,North,10,18.9,5057612,1080287.0,0.883,0.977,22.5,14.59,6,-9.8,6,1013,944.0,13.21,1,0
PRJ-021,Commercial,North,11,20.8,5057612,1164663.0,0.901,0.975,25.6,14.59,6,-9.8,6,2303,2284.0,10.95,1,0
PRJ-021,Commercial,North,12,22.6,5057612,1264416.0,0.906,1.001,25.4,14.59,6,-9.8,6,2113,2011.0,10.42,1,0
PRJ-021,Commercial,North,13,24.5,5057612,1399224.0,0.887,0.972,26.9,14.59,6,-9.8,6,1510,1610.0,12.79,1,0
PRJ-021,Commercial,North,14,26.4,5057612,1537021.0,0.869,0.945,29.6,14.59,6,-9.8,6,1404,1483.0,15.05,1,0
PRJ-021,Commercial,North,15,28.3,5057612,1595520.0,0.897,0.995,27.2,14.59,6,-9.8,6,2471,2352.0,11.47,1,0
PRJ-021,Commercial,North,16,30.2,5057612,1751112.0,0.872,0.911,32.4,14.59,6,-9.8,6,1060,1148.0,14.69,1,0
PRJ-021,Commercial,North,17,32.1,5057612,1895515.0,0.856,1.04,31.7,14.59,6,-9.8,6,2105,2064.0,16.84,1,0
PRJ-021,Commercial,North,18,34.0,5057612,2005081.0,0.857,0.93,38.7,14.59,6,-9.8,6,2013,2115.0,16.73,1,0
PRJ-021,Commercial,North,19,35.8,5057612,2096140.0,0.865,0.949,37.2,14.59,6,-9.8,6,1208,1323.0,15.61,1,0
PRJ-021,Commercial,North,20,37.7,5057612,2187307.0,0.873,0.915,42.4,14.59,6,-9.8,6,1801,1878.0,14.61,1,0
PRJ-021,Commercial,North,21,39.6,5057612,2469016.0,0.812,0.999,37.6,14.59,6,-9.8,6,1254,1262.0,23.21,1,0
PRJ-021,Commercial,North,22,41.5,5057612,2503328.0,0.839,0.974,44.4,14.59,6,-9.8,6,1009,1015.0,19.24,1,0
PRJ-021,Commercial,North,23,43.4,5057612,2578735.0,0.851,0.975,44.9,14.59,6,-9.8,6,1134,1226.0,17.49,1,0
PRJ-021,Commercial,North,24,45.3,5057612,2871164.0,0.798,0.99,48.0,14.59,6,-9.8,6,1728,1740.0,25.37,1,0
PRJ-021,Commercial,North,25,47.2,5057612,2671248.0,0.893,0.9,52.3,14.59,6,-9.8,6,2289,2544.0,11.97,1,1
PRJ-021,Commercial,North,26,49.1,5057612,2762586.0,0.898,0.969,47.8,14.59,6,-9.8,6,2045,2234.0,11.35,1,0
PRJ-021,Commercial,North,27,50.9,5057612,2870947.0,0.897,0.974,51.9,14.59,6,-9.8,6,1035,998.0,11.43,1,0
PRJ-021,Commercial,North,28,52.8,5057612,3027309.0,0.883,0.965,53.8,14.59,6,-9.8,6,2059,2276.0,13.3,1,0
PRJ-021,Commercial,North,29,54.7,5057612,3204683.0,0.864,0.91,59.2,14.59,6,-9.8,6,1299,1448.0,15.8,1,0
PRJ-021,Commercial,North,30,56.6,5057612,3512107.0,0.815,0.924,62.5,14.59,6,-9.8,6,2392,2558.0,22.68,1,0
PRJ-021,Commercial,North,31,58.5,5057612,3522097.0,0.84,0.895,65.8,14.59,6,-9.8,6,1501,1693.0,19.06,1,1
PRJ-021,Commercial,North,32,60.4,5057612,3625594.0,0.842,0.957,61.2,14.59,6,-9.8,6,1831,1919.0,18.73,1,0
PRJ-021,Commercial,North,33,62.3,5057612,3712263.0,0.848,0.93,63.3,14.59,6,-9.8,6,1220,1222.0,17.88,1,0
PRJ-021,Commercial,North,34,64.2,5057612,3999717.0,0.811,0.962,66.3,14.59,6,-9.8,6,1072,1112.0,23.28,1,0
PRJ-021,Commercial,North,35,66.0,5057612,3789619.0,0.881,0.891,73.8,14.59,6,-9.8,6,1243,1412.0,13.46,1,1
PRJ-021,Commercial,North,36,67.9,5057612,4242331.0,0.81,0.9,72.4,14.59,6,-9.8,6,914,1154.0,23.49,1,1
PRJ-021,Commercial,North,37,69.8,5057612,4068221.0,0.868,0.894,74.7,14.59,6,-9.8,6,2345,2479.0,15.22,1,1
PRJ-021,Commercial,North,38,71.7,5057612,4112804.0,0.882,0.935,75.7,14.59,6,-9.8,6,1488,1644.0,13.42,1,0
PRJ-021,Commercial,North,39,73.6,5057612,3958003.0,0.94,0.934,75.2,14.59,6,-9.8,6,2183,2497.0,6.35,1,0
PRJ-021,Commercial,North,40,75.5,5057612,4590804.0,0.831,0.916,81.1,14.59,6,-9.8,6,1602,1856.0,20.27,1,0
PRJ-021,Commercial,North,41,77.4,5057612,4428446.0,0.883,0.896,85.0,14.59,6,-9.8,6,1903,2101.0,13.19,1,1
PRJ-021,Commercial,North,42,79.2,5057612,4583183.0,0.874,0.871,87.5,14.59,6,-9.8,6,991,1139.0,14.35,1,1
PRJ-021,Commercial,North,43,81.1,5057612,4912062.0,0.835,0.903,85.0,14.59,6,-9.8,6,1673,1691.0,19.71,1,0
PRJ-021,Commercial,North,44,83.0,5057612,5365783.0,0.783,0.868,88.3,14.59,6,-9.8,6,1144,1227.0,27.79,1,1
PRJ-021,Commercial,North,45,84.9,5057612,5149041.0,0.834,0.822,90.5,14.59,6,-9.8,6,1083,1346.0,19.91,1,1
PRJ-021,Commercial,North,46,86.8,5057612,5017927.0,0.875,0.872,93.2,14.59,6,-9.8,6,1963,2131.0,14.31,1,1
PRJ-021,Commercial,North,47,88.7,5057612,5265533.0,0.852,0.94,93.6,14.59,6,-9.8,6,1464,1575.0,17.4,1,0
PRJ-021,Commercial,North,48,90.6,5057612,5301281.0,0.864,0.875,96.9,14.59,6,-9.8,6,898,1040.0,15.74,1,1
PRJ-021,Commercial,North,49,92.5,5057612,5491103.0,0.852,0.895,97.7,14.59,6,-9.8,6,2372,2620.0,17.43,1,1
PRJ-021,Commercial,North,50,94.3,5057612,5477863.0,0.871,0.924,99.9,14.59,6,-9.8,6,2112,2284.0,14.81,1,0
PRJ-021,Commercial,North,51,96.2,5057612,6242315.0,0.78,0.863,99.3,14.59,6,-9.8,6,2185,2722.0,28.26,1,1
PRJ-021,Commercial,North,52,98.1,5057612,6452155.0,0.769,0.892,100.0,14.59,6,-9.8,6,1327,1408.0,30.03,1,1
PRJ-021,Commercial,North,53,100.0,5057612,6339149.0,0.798,0.899,100.0,14.59,6,-9.8,6,2425,2622.0,25.34,1,1
PRJ-022,Infrastructure,North,1,3.6,3144046,118418.0,0.948,1.025,3.3,7.78,7,-6.1,8,1020,988.0,5.46,1,0
PRJ-022,Infrastructure,North,2,7.1,3144046,264597.0,0.849,0.994,7.6,7.78,7,-6.1,8,1489,1466.0,17.82,1,0
PRJ-022,Infrastructure,North,3,10.7,3144046,397083.0,0.848,0.966,11.3,7.78,7,-6.1,8,1689,1760.0,17.88,1,0
PRJ-022,Infrastructure,North,4,14.3,3144046,532230.0,0.844,0.956,13.7,7.78,7,-6.1,8,2035,2302.0,18.5,1,0
PRJ-022,Infrastructure,North,5,17.9,3144046,653500.0,0.859,0.947,21.1,7.78,7,-6.1,8,2217,2354.0,16.4,1,0
PRJ-022,Infrastructure,North,6,21.4,3144046,706815.0,0.953,0.964,22.5,7.78,7,-6.1,8,1114,1210.0,4.91,0,0
PRJ-022,Infrastructure,North,7,25.0,3144046,885997.0,0.887,0.918,29.5,7.78,7,-6.1,8,1486,1723.0,12.72,1,0
PRJ-022,Infrastructure,North,8,28.6,3144046,1003624.0,0.895,0.982,29.6,7.78,7,-6.1,8,2036,1970.0,11.72,1,0
PRJ-022,Infrastructure,North,9,32.1,3144046,1102205.0,0.917,0.994,30.1,7.78,7,-6.1,8,1102,1013.0,9.07,1,0
PRJ-022,Infrastructure,North,10,35.7,3144046,1260718.0,0.891,0.905,40.2,7.78,7,-6.1,8,2118,2395.0,12.28,1,0
PRJ-022,Infrastructure,North,11,39.3,3144046,1410971.0,0.875,0.919,43.7,7.78,7,-6.1,8,1622,1735.0,14.23,1,0
PRJ-022,Infrastructure,North,12,42.9,3144046,1531395.0,0.88,0.909,46.1,7.78,7,-6.1,8,1024,1157.0,13.65,1,0
PRJ-022,Infrastructure,North,13,46.4,3144046,1637877.0,0.891,0.924,51.2,7.78,7,-6.1,8,1452,1444.0,12.2,1,0
PRJ-022,Infrastructure,North,14,50.0,3144046,1745730.0,0.9,0.953,53.2,7.78,7,-6.1,8,2494,2674.0,11.05,1,0
PRJ-022,Infrastructure,North,15,53.6,3144046,1877149.0,0.897,0.952,54.4,7.78,7,-6.1,8,2136,2315.0,11.45,1,0
PRJ-022,Infrastructure,North,16,57.1,3144046,2060662.0,0.872,0.901,63.4,7.78,7,-6.1,8,815,880.0,14.7,1,0
PRJ-022,Infrastructure,North,17,60.7,3144046,2113854.0,0.903,0.921,66.5,7.78,7,-6.1,8,1766,1998.0,10.74,1,0
PRJ-022,Infrastructure,North,18,64.3,3144046,2211373.0,0.914,0.895,71.3,7.78,7,-6.1,8,1783,2003.0,9.41,1,1
PRJ-022,Infrastructure,North,19,67.9,3144046,2513118.0,0.849,0.882,72.3,7.78,7,-6.1,8,1123,1273.0,17.8,1,1
PRJ-022,Infrastructure,North,20,71.4,3144046,2505590.0,0.896,0.881,75.6,7.78,7,-6.1,8,1950,2211.0,11.57,1,1
PRJ-022,Infrastructure,North,21,75.0,3144046,2789899.0,0.845,0.915,81.0,7.78,7,-6.1,8,1248,1416.0,18.31,1,0
PRJ-022,Infrastructure,North,22,78.6,3144046,2586547.0,0.955,0.907,81.5,7.78,7,-6.1,8,2262,2653.0,4.7,0,0
PRJ-022,Infrastructure,North,23,82.1,3144046,2920018.0,0.884,0.911,83.6,7.78,7,-6.1,8,2499,2950.0,13.06,1,0
PRJ-022,Infrastructure,North,24,85.7,3144046,3084108.0,0.874,0.879,89.2,7.78,7,-6.1,8,1465,1758.0,14.44,1,1
PRJ-022,Infrastructure,North,25,89.3,3144046,3221274.0,0.871,0.873,96.1,7.78,7,-6.1,8,1431,1608.0,14.75,1,1
PRJ-022,Infrastructure,North,26,92.9,3144046,3432802.0,0.85,0.826,100.0,7.78,7,-6.1,8,1152,1406.0,17.58,1,1
PRJ-022,Infrastructure,North,27,96.4,3144046,3854983.0,0.786,0.865,100.0,7.78,7,-6.1,8,1529,1697.0,27.15,1,1
PRJ-022,Infrastructure,North,28,100.0,3144046,3700214.0,0.85,0.819,100.0,7.78,7,-6.1,8,1426,1677.0,17.69,1,1
PRJ-023,Infrastructure,North,1,1.9,4589437,88711.0,0.958,0.872,3.6,6.81,5,11.6,8,850,985.0,4.38,0,1
PRJ-023,Infrastructure,North,2,3.7,4589437,193017.0,0.881,0.905,9.7,6.81,5,11.6,8,2016,2184.0,13.55,1,0
PRJ-023,Infrastructure,North,3,5.6,4589437,268319.0,0.95,0.886,13.2,6.81,5,11.6,8,1993,2209.0,5.24,1,1
PRJ-023,Infrastructure,North,4,7.4,4589437,344949.0,0.986,0.872,16.4,6.81,5,11.6,8,1964,2469.0,1.47,0,1
PRJ-023,Infrastructure,North,5,9.3,4589437,448015.0,0.949,0.884,14.5,6.81,5,11.6,8,2076,2337.0,5.43,1,1
PRJ-023,Infrastructure,North,6,11.1,4589437,559765.0,0.911,0.885,18.2,6.81,5,11.6,8,1214,1338.0,9.77,1,1
PRJ-023,Infrastructure,North,7,13.0,4589437,630358.0,0.944,0.809,22.5,6.81,5,11.6,8,1403,1757.0,5.96,1,1
PRJ-023,Infrastructure,North,8,14.8,4589437,711893.0,0.955,0.847,24.1,6.81,5,11.6,8,1399,1785.0,4.7,0,1
PRJ-023,Infrastructure,North,9,16.7,4589437,861632.0,0.888,0.821,25.8,6.81,5,11.6,8,1405,1682.0,12.65,1,1
PRJ-023,Infrastructure,North,10,18.5,4589437,931821.0,0.912,0.806,32.3,6.81,5,11.6,8,2036,2573.0,9.64,1,1
PRJ-023,Infrastructure,North,11,20.4,4589437,992023.0,0.942,0.83,31.2,6.81,5,11.6,8,1589,2017.0,6.11,1,1
PRJ-023,Infrastructure,North,12,22.2,4589437,1109495.0,0.919,0.878,25.7,6.81,5,11.6,8,2115,2269.0,8.79,1,1
PRJ-023,Infrastructure,North,13,24.1,4589437,1157590.0,0.954,0.888,34.8,6.81,5,11.6,8,1120,1290.0,4.77,0,1
PRJ-023,Infrastructure,North,14,25.9,4589437,1292029.0,0.921,0.881,29.7,6.81,5,11.6,8,2389,2537.0,8.59,1,1
PRJ-023,Infrastructure,North,15,27.8,4589437,1426260.0,0.894,0.822,36.8,6.81,5,11.6,8,2010,2408.0,11.88,1,1
PRJ-023,Infrastructure,North,16,29.6,4589437,1401112.0,0.971,0.814,36.9,6.81,5,11.6,8,1225,1555.0,3.04,0,1
PRJ-023,Infrastructure,North,17,31.5,4589437,1493445.0,0.967,0.875,36.7,6.81,5,11.6,8,1953,2337.0,3.37,0,1
PRJ-023,Infrastructure,North,18,33.3,4589437,1660160.0,0.921,0.821,44.0,6.81,5,11.6,8,1778,2229.0,8.52,1,1
PRJ-023,Infrastructure,North,19,35.2,4589437,1721415.0,0.938,0.832,43.0,6.81,5,11.6,8,949,1120.0,6.6,1,1
PRJ-023,Infrastructure,North,20,37.0,4589437,1848898.0,0.919,0.806,48.4,6.81,5,11.6,8,1263,1629.0,8.77,1,1
PRJ-023,Infrastructure,North,21,38.9,4589437,1969330.0,0.906,0.892,41.4,6.81,5,11.6,8,1529,1801.0,10.34,1,1
PRJ-023,Infrastructure,North,22,40.7,4589437,2004264.0,0.933,0.828,49.3,6.81,5,11.6,8,2186,2620.0,7.19,1,1
PRJ-023,Infrastructure,North,23,42.6,4589437,2070953.0,0.944,0.837,48.3,6.81,5,11.6,8,2424,2758.0,5.94,1,1
PRJ-023,Infrastructure,North,24,44.4,4589437,2213022.0,0.922,0.851,53.2,6.81,5,11.6,8,2370,2777.0,8.49,1,1
PRJ-023,Infrastructure,North,25,46.3,4589437,2211832.0,0.961,0.779,56.0,6.81,5,11.6,8,1717,2425.0,4.1,0,1
PRJ-023,Infrastructure,North,26,48.1,4589437,2344941.0,0.942,0.813,56.7,6.81,5,11.6,8,1985,2366.0,6.12,1,1
PRJ-023,Infrastructure,North,27,50.0,4589437,2519649.0,0.911,0.808,58.0,6.81,5,11.6,8,968,1306.0,9.8,1,1
PRJ-023,Infrastructure,North,28,51.9,4589437,2442496.0,0.974,0.894,58.0,6.81,5,11.6,8,2343,2535.0,2.64,0,1
PRJ-023,Infrastructure,North,29,53.7,4589437,2694399.0,0.915,0.83,64.0,6.81,5,11.6,8,2293,2907.0,9.32,1,1
PRJ-023,Infrastructure,North,30,55.6,4589437,2721726.0,0.937,0.842,60.1,6.81,5,11.6,8,1568,1911.0,6.75,1,1
PRJ-023,Infrastructure,North,31,57.4,4589437,3228022.0,0.816,0.85,63.1,6.81,5,11.6,8,1961,2326.0,22.52,1,1
PRJ-023,Infrastructure,North,32,59.3,4589437,2845079.0,0.956,0.762,69.3,6.81,5,11.6,8,1888,2508.0,4.61,0,1
PRJ-023,Infrastructure,North,33,61.1,4589437,3107137.0,0.903,0.786,70.1,6.81,5,11.6,8,2358,2926.0,10.78,1,1
PRJ-023,Infrastructure,North,34,63.0,4589437,3163755.0,0.913,0.79,73.6,6.81,5,11.6,8,2474,2954.0,9.49,1,1
PRJ-023,Infrastructure,North,35,64.8,4589437,3089809.0,0.963,0.852,72.6,6.81,5,11.6,8,2416,2775.0,3.87,0,1
PRJ-023,Infrastructure,North,36,66.7,4589437,3158166.0,0.969,0.769,75.9,6.81,5,11.6,8,1508,2039.0,3.22,0,1
PRJ-023,Infrastructure,North,37,68.5,4589437,3353517.0,0.938,0.784,79.3,6.81,5,11.6,8,1155,1463.0,6.64,1,1
PRJ-023,Infrastructure,North,38,70.4,4589437,3309958.0,0.976,0.816,79.6,6.81,5,11.6,8,1661,1966.0,2.49,0,1
PRJ-023,Infrastructure,North,39,72.2,4589437,3515989.0,0.943,0.802,80.7,6.81,5,11.6,8,1711,2056.0,6.08,1,1
PRJ-023,Infrastructure,North,40,74.1,4589437,3505996.0,0.97,0.825,82.9,6.81,5,11.6,8,2381,2735.0,3.13,0,1
PRJ-023,Infrastructure,North,41,75.9,4589437,4002031.0,0.871,0.807,84.2,6.81,5,11.6,8,1098,1342.0,14.85,1,1
PRJ-023,Infrastructure,North,42,77.8,4589437,4060405.0,0.879,0.861,82.5,6.81,5,11.6,8,1507,1758.0,13.75,1,1
PRJ-023,Infrastructure,North,43,79.6,4589437,3963378.0,0.922,0.751,93.7,6.81,5,11.6,8,1927,2428.0,8.45,1,1
PRJ-023,Infrastructure,North,44,81.5,4589437,3897248.0,0.96,0.805,90.6,6.81,5,11.6,8,958,1193.0,4.22,0,1
PRJ-023,Infrastructure,North,45,83.3,4589437,4286547.0,0.892,0.764,92.0,6.81,5,11.6,8,943,1212.0,12.08,1,1
PRJ-023,Infrastructure,North,46,85.2,4589437,4366261.0,0.895,0.837,92.3,6.81,5,11.6,8,1215,1507.0,11.68,1,1
PRJ-023,Infrastructure,North,47,87.0,4589437,4421918.0,0.903,0.746,99.2,6.81,5,11.6,8,1919,2752.0,10.7,1,1
PRJ-023,Infrastructure,North,48,88.9,4589437,4477567.0,0.911,0.786,98.0,6.81,5,11.6,8,1181,1468.0,9.76,1,1
PRJ-023,Infrastructure,North,49,90.7,4589437,4736676.0,0.879,0.784,99.2,6.81,5,11.6,8,2076,2324.0,13.74,1,1
PRJ-023,Infrastructure,North,50,92.6,4589437,4436707.0,0.958,0.796,100.0,6.81,5,11.6,8,2133,2695.0,4.41,0,1
PRJ-023,Infrastructure,North,51,94.4,4589437,4534755.0,0.956,0.839,100.0,6.81,5,11.6,8,1511,1809.0,4.62,0,1
PRJ-023,Infrastructure,North,52,96.3,4589437,4895785.0,0.903,0.798,100.0,6.81,5,11.6,8,1298,1678.0,10.78,1,1
PRJ-023,Infrastructure,North,53,98.1,4589437,4975422.0,0.905,0.781,100.0,6.81,5,11.6,8,1933,2433.0,10.46,1,1
PRJ-023,Infrastructure,North,54,100.0,4589437,5225570.0,0.878,0.78,100.0,6.81,5,11.6,8,1870,2426.0,13.86,1,1
PRJ-024,Infrastructure,North,1,2.6,4375251,120572.0,0.93,1.225,-7.4,21.95,8,2.5,4,2269,1812.0,7.48,1,0
PRJ-024,Infrastructure,North,2,5.1,4375251,246015.0,0.912,1.142,-7.2,21.95,8,2.5,4,1826,1482.0,9.65,1,0
PRJ-024,Infrastructure,North,3,7.7,4375251,362917.0,0.927,1.144,-1.7,21.95,8,2.5,4,976,941.0,7.83,1,0
PRJ-024,Infrastructure,North,4,10.3,4375251,499928.0,0.898,1.143,-1.7,21.95,8,2.5,4,1754,1600.0,11.41,1,0
PRJ-024,Infrastructure,North,5,12.8,4375251,593519.0,0.945,1.117,5.1,21.95,8,2.5,4,1545,1367.0,5.81,1,0
PRJ-024,Infrastructure,North,6,15.4,4375251,772058.0,0.872,1.138,10.9,21.95,8,2.5,4,2410,1847.0,14.7,1,0
PRJ-024,Infrastructure,North,7,17.9,4375251,896137.0,0.876,1.097,11.3,21.95,8,2.5,4,1889,1689.0,14.11,1,0
PRJ-024,Infrastructure,North,8,20.5,4375251,954511.0,0.94,1.128,11.4,21.95,8,2.5,4,1624,1347.0,6.35,1,0
PRJ-024,Infrastructure,North,9,23.1,4375251,1167291.0,0.865,1.069,17.2,21.95,8,2.5,4,1999,1860.0,15.61,1,0
PRJ-024,Infrastructure,North,10,25.6,4375251,1257734.0,0.892,1.13,21.8,21.95,8,2.5,4,1109,924.0,12.11,1,0
PRJ-024,Infrastructure,North,11,28.2,4375251,1396856.0,0.883,1.135,22.7,21.95,8,2.5,4,848,758.0,13.19,1,0
PRJ-024,Infrastructure,North,12,30.8,4375251,1564089.0,0.861,1.129,22.1,21.95,8,2.5,4,932,901.0,16.18,1,0
PRJ-024,Infrastructure,North,13,33.3,4375251,1707111.0,0.854,1.142,27.5,21.95,8,2.5,4,1668,1273.0,17.05,1,0
PRJ-024,Infrastructure,North,14,35.9,4375251,1781531.0,0.882,1.081,32.6,21.95,8,2.5,4,1846,1603.0,13.43,1,0
PRJ-024,Infrastructure,North,15,38.5,4375251,1861629.0,0.904,1.097,33.2,21.95,8,2.5,4,1875,1698.0,10.63,1,0
PRJ-024,Infrastructure,North,16,41.0,4375251,2015397.0,0.891,1.067,39.3,21.95,8,2.5,4,1452,1329.0,12.28,1,0
PRJ-024,Infrastructure,North,17,43.6,4375251,2214899.0,0.861,1.164,33.3,21.95,8,2.5,4,2463,2073.0,16.14,1,0
PRJ-024,Infrastructure,North,18,46.2,4375251,2388689.0,0.845,1.108,39.3,21.95,8,2.5,4,2475,2495.0,18.29,1,0
PRJ-024,Infrastructure,North,19,48.7,4375251,2423864.0,0.879,1.034,46.2,21.95,8,2.5,4,1105,1069.0,13.71,1,0
PRJ-024,Infrastructure,North,20,51.3,4375251,2627486.0,0.854,1.096,46.4,21.95,8,2.5,4,1636,1374.0,17.1,1,0
PRJ-024,Infrastructure,North,21,53.8,4375251,2677188.0,0.88,1.074,46.5,21.95,8,2.5,4,1233,956.0,13.64,1,0
PRJ-024,Infrastructure,North,22,56.4,4375251,2899583.0,0.851,1.098,47.3,21.95,8,2.5,4,2168,2108.0,17.48,1,0
PRJ-024,Infrastructure,North,23,59.0,4375251,3023837.0,0.853,1.085,56.9,21.95,8,2.5,4,1975,1889.0,17.19,1,0
PRJ-024,Infrastructure,North,24,61.5,4375251,3405987.0,0.791,1.042,56.7,21.95,8,2.5,4,873,812.0,26.5,1,0
PRJ-024,Infrastructure,North,25,64.1,4375251,3364784.0,0.834,1.022,66.9,21.95,8,2.5,4,2270,2097.0,19.97,1,0
PRJ-024,Infrastructure,North,26,66.7,4375251,3372294.0,0.865,1.034,65.3,21.95,8,2.5,4,1926,1961.0,15.61,1,0
PRJ-024,Infrastructure,North,27,69.2,4375251,3448381.0,0.878,1.026,66.6,21.95,8,2.5,4,2203,1845.0,13.84,1,0
PRJ-024,Infrastructure,North,28,71.8,4375251,3723343.0,0.844,1.031,66.6,21.95,8,2.5,4,1577,1546.0,18.53,1,0
PRJ-024,Infrastructure,North,29,74.4,4375251,3847461.0,0.846,1.055,70.9,21.95,8,2.5,4,2052,1855.0,18.26,1,0
PRJ-024,Infrastructure,North,30,76.9,4375251,3964661.0,0.849,1.027,75.8,21.95,8,2.5,4,2099,2092.0,17.8,1,0
PRJ-024,Infrastructure,North,31,79.5,4375251,4190343.0,0.83,0.972,81.6,21.95,8,2.5,4,1052,1191.0,20.49,1,0
PRJ-024,Infrastructure,North,32,82.1,4375251,4076229.0,0.881,1.009,81.3,21.95,8,2.5,4,2286,2354.0,13.55,1,0
PRJ-024,Infrastructure,North,33,84.6,4375251,4392380.0,0.843,1.008,82.0,21.95,8,2.5,4,1673,1559.0,18.64,1,0
PRJ-024,Infrastructure,North,34,87.2,4375251,4721396.0,0.808,1.029,85.6,21.95,8,2.5,4,2258,2369.0,23.78,1,0
PRJ-024,Infrastructure,North,35,89.7,4375251,4847379.0,0.81,0.938,92.5,21.95,8,2.5,4,2397,2515.0,23.45,1,0
PRJ-024,Infrastructure,North,36,92.3,4375251,4813379.0,0.839,0.99,93.0,21.95,8,2.5,4,829,873.0,19.18,1,0
PRJ-024,Infrastructure,North,37,94.9,4375251,5066065.0,0.819,0.969,97.6,21.95,8,2.5,4,1704,1792.0,22.05,1,0
PRJ-024,Infrastructure,North,38,97.4,4375251,5141513.0,0.829,0.989,98.4,21.95,8,2.5,4,1986,1998.0,20.61,1,0
PRJ-024,Infrastructure,North,39,100.0,4375251,5198528.0,0.842,1.007,98.0,21.95,8,2.5,4,1599,1589.0,18.82,1,0
PRJ-025,Industrial,East,1,2.1,2405888,58333.0,0.878,0.944,5.4,24.06,7,17.7,7,1337,1423.0,13.96,1,0
PRJ-025,Industrial,East,2,4.3,2405888,119220.0,0.859,0.885,8.1,24.06,7,17.7,7,1724,1905.0,16.45,1,1
PRJ-025,Industrial,East,3,6.4,2405888,190968.0,0.804,0.971,9.3,24.06,7,17.7,7,1129,1018.0,24.35,1,0
PRJ-025,Industrial,East,4,8.5,2405888,260527.0,0.786,0.938,11.1,24.06,7,17.7,7,1509,1698.0,27.24,1,0
PRJ-025,Industrial,East,5,10.6,2405888,282736.0,0.905,0.982,4.4,24.06,7,17.7,7,2012,2063.0,10.47,1,0
PRJ-025,Industrial,East,6,12.8,2405888,363601.0,0.845,0.915,15.5,24.06,7,17.7,7,1070,1118.0,18.38,1,0
PRJ-025,Industrial,East,7,14.9,2405888,432343.0,0.829,0.908,19.6,24.06,7,17.7,7,1992,2186.0,20.66,1,0
PRJ-025,Industrial,East,8,17.0,2405888,524551.0,0.781,0.981,17.2,24.06,7,17.7,7,1542,1474.0,28.09,1,0
PRJ-025,Industrial,East,9,19.1,2405888,555125.0,0.83,0.934,19.0,24.06,7,17.7,7,1349,1426.0,20.5,1,0
PRJ-025,Industrial,East,10,21.3,2405888,610345.0,0.839,0.93,24.3,24.06,7,17.7,7,2414,2531.0,19.23,1,0
PRJ-025,Industrial,East,11,23.4,2405888,687050.0,0.82,0.945,25.5,24.06,7,17.7,7,2044,2152.0,22.02,1,0
PRJ-025,Industrial,East,12,25.5,2405888,725062.0,0.847,0.922,29.0,24.06,7,17.7,7,923,1029.0,18.04,1,0
PRJ-025,Industrial,East,13,27.7,2405888,814848.0,0.817,0.891,32.4,24.06,7,17.7,7,1685,1923.0,22.45,1,1
PRJ-025,Industrial,East,14,29.8,2405888,842853.0,0.85,0.956,31.5,24.06,7,17.7,7,1631,1712.0,17.61,1,0
PRJ-025,Industrial,East,15,31.9,2405888,943901.0,0.813,0.941,35.9,24.06,7,17.7,7,1533,1695.0,22.93,1,0
PRJ-025,Industrial,East,16,34.0,2405888,983740.0,0.833,0.923,37.0,24.06,7,17.7,7,1980,2267.0,20.11,1,0
PRJ-025,Industrial,East,17,36.2,2405888,1071749.0,0.812,0.914,41.7,24.06,7,17.7,7,986,1048.0,23.16,1,0
PRJ-025,Industrial,East,18,38.3,2405888,1125422.0,0.819,0.856,44.7,24.06,7,17.7,7,869,999.0,22.14,1,1
PRJ-025,Industrial,East,19,40.4,2405888,1141988.0,0.852,0.937,41.9,24.06,7,17.7,7,1604,1676.0,17.42,1,0
PRJ-025,Industrial,East,20,42.6,2405888,1319329.0,0.776,0.833,50.4,24.06,7,17.7,7,1124,1361.0,28.87,1,1
PRJ-025,Industrial,East,21,44.7,2405888,1354627.0,0.794,0.942,46.8,24.06,7,17.7,7,1376,1550.0,26.02,1,0
PRJ-025,Industrial,East,22,46.8,2405888,1299163.0,0.867,0.856,55.1,24.06,7,17.7,7,1981,2322.0,15.36,1,1
PRJ-025,Industrial,East,23,48.9,2405888,1427145.0,0.825,0.899,53.8,24.06,7,17.7,7,1701,1891.0,21.22,1,1
PRJ-025,Industrial,East,24,51.1,2405888,1585315.0,0.775,0.886,54.3,24.06,7,17.7,7,1212,1281.0,29.04,1,1
PRJ-025,Industrial,East,25,53.2,2405888,1543288.0,0.829,0.929,54.5,24.06,7,17.7,7,2267,2550.0,20.6,1,0
PRJ-025,Industrial,East,26,55.3,2405888,1706619.0,0.78,0.824,64.6,24.06,7,17.7,7,1046,1273.0,28.23,1,1
PRJ-025,Industrial,East,27,57.4,2405888,1709539.0,0.808,0.868,62.6,24.06,7,17.7,7,1512,1758.0,23.69,1,1
PRJ-025,Industrial,East,28,59.6,2405888,1917838.0,0.747,0.932,62.6,24.06,7,17.7,7,2429,2678.0,33.81,1,0
PRJ-025,Industrial,East,29,61.7,2405888,1817332.0,0.817,0.837,71.3,24.06,7,17.7,7,811,912.0,22.42,1,1
PRJ-025,Industrial,East,30,63.8,2405888,1912709.0,0.803,0.804,74.2,24.06,7,17.7,7,2281,2841.0,24.55,1,1
PRJ-025,Industrial,East,31,66.0,2405888,2101355.0,0.755,0.852,75.4,24.06,7,17.7,7,816,886.0,32.42,1,1
PRJ-025,Industrial,East,32,68.1,2405888,2071650.0,0.791,0.815,72.3,24.06,7,17.7,7,2378,2955.0,26.47,1,1
PRJ-025,Industrial,East,33,70.2,2405888,2034855.0,0.83,0.867,75.8,24.06,7,17.7,7,880,1031.0,20.46,1,1
PRJ-025,Industrial,East,34,72.3,2405888,2163028.0,0.805,0.915,72.2,24.06,7,17.7,7,2244,2523.0,24.28,1,0
PRJ-025,Industrial,East,35,74.5,2405888,2366482.0,0.757,0.858,81.3,24.06,7,17.7,7,1258,1535.0,32.09,1,1
PRJ-025,Industrial,East,36,76.6,2405888,2239330.0,0.823,0.858,82.0,24.06,7,17.7,7,1136,1327.0,21.52,1,1
PRJ-025,Industrial,East,37,78.7,2405888,2515279.0,0.753,0.895,80.5,24.06,7,17.7,7,1704,1905.0,32.8,1,1
PRJ-025,Industrial,East,38,80.9,2405888,2327945.0,0.836,0.862,88.6,24.06,7,17.7,7,1569,1732.0,19.68,1,1
PRJ-025,Industrial,East,39,83.0,2405888,2466382.0,0.809,0.825,88.4,24.06,7,17.7,7,1695,2172.0,23.54,1,1
PRJ-025,Industrial,East,40,85.1,2405888,2457437.0,0.833,0.863,93.1,24.06,7,17.7,7,922,1111.0,20.02,1,1
PRJ-025,Industrial,East,41,87.2,2405888,2893110.0,0.725,0.834,93.2,24.06,7,17.7,7,1565,1781.0,37.85,1,1
PRJ-025,Industrial,East,42,89.4,2405888,2867943.0,0.75,0.844,94.7,24.06,7,17.7,7,1913,2079.0,33.4,1,1
PRJ-025,Industrial,East,43,91.5,2405888,2980492.0,0.739,0.773,100.0,24.06,7,17.7,7,851,1022.0,35.41,1,1
PRJ-025,Industrial,East,44,93.6,2405888,2903397.0,0.776,0.801,100.0,24.06,7,17.7,7,1891,2230.0,28.91,1,1
PRJ-025,Industrial,East,45,95.7,2405888,3256786.0,0.707,0.758,100.0,24.06,7,17.7,7,1584,2116.0,41.38,1,1
PRJ-025,Industrial,East,46,97.9,2405888,3024376.0,0.779,0.804,100.0,24.06,7,17.7,7,985,1218.0,28.44,1,1
PRJ-025,Industrial,East,47,100.0,2405888,3150412.0,0.764,0.796,100.0,24.06,7,17.7,7,988,1246.0,30.95,1,1
